"Avaliacao","Lucro_Mediana","Lucro_Min","Lucro_Max"
1,157,39,208
2,157,39,208
3,157,39,208
4,157,39,208
5,157,39,208
6,157,39,208
7,157,39,208
8,157,39,208
9,157,39,208
10,157,39,208
11,157,39,208
12,157,39,208
13,157,39,208
14,157,39,208
15,157,39,208
16,157,39,208
17,157,39,208
18,157,39,208
19,157,39,208
20,157,39,208
21,157,39,208
22,157,39,208
23,157,39,208
24,157,135,296
25,157,135,296
26,157,135,296
27,157,135,296
28,157,135,296
29,157,135,296
30,157,135,296
31,157,135,296
32,157,135,296
33,157,135,296
34,157,135,296
35,157,135,296
36,157,135,296
37,157,135,296
38,157,135,296
39,157,135,296
40,157,135,296
41,157,135,296
42,157,135,296
43,157,135,296
44,157,135,296
45,157,135,296
46,157,135,296
47,157,135,296
48,157,135,296
49,157,135,296
50,157,135,296
51,157,135,296
52,157,135,332
53,157,135,332
54,157,135,332
55,157,135,332
56,157,135,332
57,157,135,332
58,157,135,332
59,157,135,332
60,157,135,332
61,157,135,332
62,157,135,332
63,157,135,332
64,157,135,332
65,157,135,332
66,157,135,332
67,157,135,332
68,157,135,332
69,157,135,332
70,157,135,332
71,157,135,332
72,157,135,332
73,157,135,332
74,157,135,332
75,157,135,332
76,157,135,332
77,157,135,332
78,157,135,332
79,157,135,332
80,157,135,332
81,157,135,332
82,157,135,332
83,157,135,332
84,157,135,332
85,157,135,332
86,157,135,332
87,157,135,332
88,157,135,332
89,157,135,332
90,256,135,332
91,256,135,332
92,256,135,332
93,262,135,473
94,262,135,473
95,262,135,473
96,262,135,473
97,262,135,473
98,262,135,473
99,262,135,473
100,262,135,473
101,262,135,473
102,262,135,473
103,262,135,473
104,262,135,473
105,262,135,473
106,262,135,473
107,262,135,473
108,262,135,473
109,262,135,473
110,262,135,473
111,262,135,473
112,262,135,473
113,262,135,473
114,262,135,473
115,262,135,473
116,262,135,473
117,262,135,473
118,262,135,473
119,262,135,473
120,262,135,473
121,262,135,473
122,262,135,473
123,262,135,473
124,262,135,473
125,262,135,473
126,262,135,473
127,262,135,473
128,262,135,473
129,262,135,473
130,262,135,473
131,262,135,473
132,262,135,473
133,262,135,473
134,262,135,473
135,262,135,473
136,262,135,473
137,262,135,473
138,262,135,473
139,262,135,473
140,262,135,473
141,262,135,473
142,262,135,473
143,262,135,473
144,262,135,473
145,262,135,473
146,262,135,473
147,262,135,473
148,262,135,473
149,262,135,473
150,262,135,473
151,262,135,473
152,262,135,473
153,262,135,473
154,262,135,473
155,262,135,473
156,332,135,473
157,332,135,473
158,332,135,473
159,332,135,473
160,332,135,473
161,332,135,473
162,332,135,473
163,332,135,473
164,332,135,473
165,332,135,473
166,332,135,473
167,332,135,473
168,332,135,473
169,332,135,473
170,332,135,473
171,332,135,473
172,332,135,473
173,332,135,473
174,332,135,473
175,332,135,473
176,332,135,473
177,332,135,473
178,332,135,473
179,332,135,473
180,332,135,473
181,332,135,473
182,332,135,473
183,332,135,473
184,332,135,473
185,332,135,473
186,332,135,473
187,332,135,473
188,332,135,473
189,332,135,473
190,332,135,473
191,332,135,473
192,332,135,473
193,332,135,473
194,332,135,473
195,332,135,473
196,332,135,473
197,332,135,473
198,332,135,473
199,332,135,473
200,332,135,473
201,332,135,473
202,332,135,473
203,332,135,473
204,332,135,473
205,332,135,473
206,332,135,473
207,332,135,473
208,332,135,473
209,332,135,473
210,332,135,473
211,332,135,473
212,332,135,473
213,332,135,473
214,332,135,473
215,332,135,473
216,332,135,473
217,332,135,473
218,332,135,473
219,332,135,473
220,332,135,473
221,332,135,473
222,332,135,473
223,332,135,473
224,332,135,473
225,332,135,473
226,332,135,473
227,332,135,473
228,332,135,473
229,332,135,473
230,332,135,473
231,332,135,473
232,332,135,473
233,332,135,473
234,332,135,473
235,332,135,473
236,332,135,473
237,332,135,473
238,332,135,473
239,332,135,473
240,332,135,473
241,332,135,473
242,332,135,473
243,332,135,473
244,332,135,473
245,332,135,473
246,332,135,473
247,332,135,473
248,332,135,473
249,332,135,473
250,332,135,473
251,332,135,473
252,332,135,473
253,332,135,473
254,332,135,473
255,332,135,473
256,332,135,473
257,332,135,473
258,332,135,473
259,332,135,473
260,332,135,473
261,332,135,473
262,332,135,473
263,332,135,473
264,332,135,473
265,332,135,473
266,332,135,473
267,332,135,473
268,332,135,473
269,332,135,473
270,332,135,473
271,332,135,473
272,332,135,473
273,332,135,473
274,332,135,473
275,332,135,473
276,332,135,473
277,332,135,473
278,332,135,473
279,332,135,473
280,332,135,473
281,332,135,473
282,332,135,473
283,332,135,473
284,332,135,473
285,332,135,473
286,332,135,473
287,332,135,473
288,332,135,473
289,332,135,473
290,332,135,473
291,332,135,473
292,332,135,473
293,332,135,473
294,332,135,473
295,418,269,473
296,418,269,473
297,418,269,473
298,418,269,473
299,418,269,473
300,418,269,473
301,418,269,473
302,418,269,473
303,418,269,473
304,418,269,473
305,418,269,473
306,418,332,473
307,418,332,473
308,418,332,473
309,418,332,473
310,418,332,473
311,418,332,473
312,418,332,473
313,418,332,473
314,418,332,473
315,418,332,473
316,418,332,473
317,418,332,473
318,418,332,473
319,418,332,473
320,418,332,473
321,418,332,473
322,418,332,473
323,418,332,473
324,418,332,473
325,418,332,473
326,418,332,473
327,418,332,473
328,418,332,473
329,418,332,473
330,418,332,473
331,418,332,473
332,418,332,473
333,418,332,473
334,418,332,473
335,418,332,473
336,418,332,473
337,418,332,473
338,418,332,473
339,418,332,473
340,418,332,473
341,418,332,473
342,418,332,473
343,418,332,473
344,418,332,473
345,418,332,473
346,418,332,473
347,418,332,473
348,418,332,473
349,418,332,473
350,418,332,473
351,418,332,473
352,418,332,473
353,418,332,473
354,418,332,473
355,418,332,473
356,418,332,473
357,418,332,473
358,418,332,473
359,418,332,473
360,418,332,473
361,418,332,473
362,418,332,473
363,418,332,473
364,418,332,473
365,418,332,473
366,418,332,473
367,418,332,473
368,418,332,473
369,418,332,473
370,418,332,473
371,418,332,473
372,418,332,473
373,418,332,473
374,418,332,473
375,418,332,473
376,418,332,473
377,418,332,473
378,418,332,473
379,418,332,473
380,418,332,473
381,418,332,473
382,418,332,473
383,418,332,473
384,418,332,473
385,418,332,473
386,418,332,473
387,418,332,473
388,418,332,473
389,418,332,473
390,418,332,473
391,418,332,473
392,418,332,473
393,418,332,473
394,418,332,473
395,418,332,473
396,418,332,473
397,418,332,473
398,418,332,473
399,418,332,473
400,418,332,473
401,418,332,473
402,418,332,473
403,418,332,473
404,418,332,473
405,418,332,473
406,418,332,473
407,418,332,473
408,418,332,473
409,418,332,473
410,418,332,473
411,418,332,473
412,418,332,473
413,418,332,473
414,418,332,473
415,418,332,473
416,418,332,473
417,418,332,473
418,418,332,473
419,418,332,473
420,418,332,473
421,418,332,473
422,418,332,473
423,418,332,473
424,418,332,473
425,418,332,473
426,418,332,473
427,418,332,473
428,418,332,473
429,418,332,473
430,418,332,473
431,418,332,473
432,418,332,473
433,418,332,473
434,418,332,473
435,418,332,473
436,418,332,473
437,418,332,473
438,418,332,473
439,418,332,473
440,418,332,473
441,418,332,473
442,418,332,473
443,418,332,473
444,418,332,473
445,418,332,473
446,418,332,473
447,418,332,473
448,418,332,473
449,418,332,473
450,418,332,473
451,418,332,473
452,418,332,473
453,418,332,473
454,418,332,473
455,418,332,473
456,418,332,473
457,418,332,473
458,418,332,473
459,418,332,473
460,418,332,473
461,418,332,473
462,418,332,473
463,418,332,473
464,418,332,473
465,418,332,473
466,418,332,473
467,418,332,473
468,418,332,473
469,418,332,473
470,418,332,473
471,418,332,473
472,418,332,473
473,418,332,473
474,418,332,473
475,418,332,473
476,418,332,473
477,418,332,473
478,418,332,473
479,418,332,473
480,418,332,473
481,418,332,473
482,418,332,473
483,418,332,473
484,418,332,473
485,418,332,473
486,418,332,473
487,418,332,473
488,418,332,473
489,418,332,473
490,418,332,473
491,418,332,473
492,418,332,473
493,418,332,473
494,418,332,473
495,418,332,473
496,418,332,473
497,418,332,473
498,418,332,473
499,418,332,473
500,418,332,473
501,418,332,473
502,418,332,473
503,418,332,473
504,418,332,473
505,418,332,473
506,418,332,473
507,418,332,473
508,418,332,473
509,418,332,473
510,418,332,473
511,418,332,473
512,418,332,473
513,418,332,473
514,418,332,473
515,418,332,473
516,418,332,473
517,418,332,473
518,418,332,473
519,418,332,473
520,418,332,473
521,418,332,473
522,418,332,473
523,418,332,473
524,418,332,473
525,418,332,473
526,418,332,473
527,418,332,473
528,418,332,473
529,448,332,473
530,448,332,473
531,448,332,473
532,448,332,473
533,448,332,473
534,448,332,473
535,448,332,473
536,448,332,473
537,448,332,473
538,448,332,473
539,448,332,473
540,448,332,473
541,448,332,473
542,448,332,473
543,448,332,473
544,448,332,473
545,448,332,473
546,448,332,473
547,448,332,473
548,448,332,473
549,448,332,543
550,448,332,543
551,448,332,543
552,448,332,543
553,448,332,543
554,448,332,543
555,448,332,543
556,448,332,543
557,448,332,543
558,448,332,543
559,448,332,543
560,448,332,543
561,448,332,543
562,448,332,543
563,448,332,543
564,448,332,543
565,448,332,543
566,448,332,543
567,448,332,543
568,448,332,543
569,448,332,543
570,448,332,543
571,448,332,543
572,448,332,543
573,448,332,543
574,448,332,543
575,448,332,543
576,448,332,543
577,448,332,543
578,448,332,543
579,448,332,543
580,448,332,543
581,448,332,543
582,448,332,543
583,448,332,543
584,448,332,543
585,448,332,543
586,448,332,543
587,448,332,543
588,448,332,543
589,448,332,543
590,448,332,543
591,448,332,543
592,448,332,543
593,448,332,543
594,448,332,543
595,448,332,543
596,448,332,543
597,448,332,543
598,448,332,543
599,448,332,543
600,448,332,543
601,448,332,543
602,448,332,543
603,448,332,543
604,448,332,543
605,448,332,543
606,448,332,543
607,448,332,543
608,448,332,543
609,448,332,543
610,448,332,543
611,448,332,543
612,448,332,543
613,448,332,543
614,448,332,543
615,448,332,543
616,448,332,543
617,448,332,543
618,448,332,543
619,448,332,543
620,448,332,543
621,448,332,543
622,448,332,543
623,448,332,543
624,448,332,543
625,448,332,543
626,448,332,543
627,448,332,543
628,448,332,543
629,448,332,543
630,448,332,543
631,448,332,543
632,448,332,543
633,448,332,543
634,448,332,543
635,448,332,543
636,448,332,543
637,448,332,543
638,448,332,543
639,448,332,543
640,448,332,543
641,448,332,543
642,448,332,543
643,448,332,543
644,448,332,543
645,448,332,543
646,448,332,543
647,448,332,543
648,448,332,543
649,448,332,543
650,448,332,543
651,448,332,543
652,448,332,543
653,448,332,543
654,448,332,543
655,448,332,543
656,448,332,543
657,448,332,543
658,448,332,543
659,448,332,543
660,448,332,543
661,448,332,543
662,448,332,543
663,448,332,543
664,448,332,543
665,448,332,543
666,448,332,543
667,448,332,543
668,448,332,543
669,448,332,543
670,448,332,543
671,448,332,543
672,448,332,543
673,448,332,543
674,448,332,543
675,448,332,543
676,448,332,543
677,448,332,543
678,448,332,543
679,448,332,543
680,448,332,543
681,448,332,543
682,448,332,543
683,448,332,543
684,448,332,543
685,448,332,543
686,448,332,543
687,448,332,543
688,448,332,543
689,448,332,543
690,448,332,543
691,448,332,543
692,448,332,543
693,448,332,543
694,448,332,543
695,448,332,543
696,448,332,543
697,448,332,543
698,448,332,543
699,448,332,543
700,448,332,543
701,448,332,543
702,448,332,543
703,448,332,543
704,448,332,543
705,448,332,543
706,448,332,543
707,448,332,543
708,448,332,543
709,448,332,543
710,448,332,543
711,448,332,543
712,448,332,543
713,448,332,543
714,448,332,543
715,448,332,543
716,448,332,543
717,448,332,543
718,448,332,543
719,448,332,543
720,448,332,543
721,448,332,543
722,448,332,543
723,448,332,543
724,448,332,543
725,448,332,543
726,448,332,543
727,448,332,543
728,448,332,543
729,448,332,543
730,448,332,543
731,448,332,543
732,448,332,543
733,448,332,543
734,448,332,543
735,448,332,543
736,448,332,543
737,448,332,543
738,448,332,543
739,448,332,543
740,448,332,543
741,448,332,543
742,448,332,543
743,448,332,543
744,448,332,543
745,448,332,543
746,448,332,543
747,448,332,543
748,448,332,543
749,448,332,543
750,448,332,543
751,448,332,543
752,448,338,543
753,448,338,543
754,448,338,543
755,448,338,543
756,448,338,543
757,448,338,543
758,448,338,543
759,448,338,543
760,448,338,543
761,448,338,543
762,448,338,543
763,448,338,543
764,448,338,543
765,448,338,543
766,448,338,543
767,448,338,543
768,448,338,543
769,448,338,543
770,448,338,543
771,448,338,543
772,448,338,543
773,448,338,543
774,448,338,543
775,448,338,543
776,448,338,543
777,448,338,543
778,448,338,543
779,448,338,543
780,448,338,543
781,448,338,543
782,448,338,543
783,448,338,543
784,448,338,543
785,448,338,543
786,448,338,543
787,448,338,543
788,448,338,543
789,448,338,543
790,448,338,543
791,448,338,543
792,448,338,543
793,448,338,543
794,448,338,543
795,448,338,543
796,448,338,543
797,448,338,543
798,448,338,543
799,448,338,543
800,448,338,543
801,448,338,543
802,448,338,543
803,448,338,543
804,448,338,543
805,448,338,543
806,448,338,543
807,448,338,543
808,448,338,543
809,448,338,543
810,448,338,543
811,448,338,543
812,448,338,543
813,448,338,543
814,448,338,543
815,448,338,543
816,448,338,543
817,448,338,543
818,448,338,543
819,448,338,543
820,448,338,543
821,448,338,543
822,448,338,543
823,448,338,543
824,448,338,543
825,448,338,543
826,448,338,543
827,448,338,543
828,448,338,543
829,448,338,543
830,448,338,543
831,448,338,543
832,448,338,543
833,448,338,543
834,448,338,543
835,448,338,543
836,448,338,543
837,448,338,543
838,448,338,543
839,448,338,543
840,448,338,543
841,448,338,543
842,448,338,543
843,448,338,543
844,448,338,543
845,448,338,543
846,448,338,543
847,448,338,543
848,448,338,543
849,448,338,543
850,448,338,543
851,448,338,543
852,448,338,543
853,448,338,543
854,448,338,543
855,448,338,543
856,448,338,543
857,448,338,544
858,448,338,544
859,448,338,544
860,448,338,544
861,448,338,544
862,448,338,544
863,448,338,544
864,448,338,544
865,448,338,544
866,448,338,544
867,448,338,544
868,448,338,544
869,448,338,544
870,448,338,544
871,448,338,544
872,448,338,544
873,448,338,544
874,448,338,544
875,448,338,544
876,448,338,544
877,448,338,544
878,448,338,544
879,448,338,544
880,448,338,544
881,448,338,544
882,448,338,544
883,448,338,544
884,448,338,544
885,448,338,544
886,448,338,544
887,448,338,544
888,448,338,544
889,448,338,544
890,448,338,544
891,448,338,544
892,448,338,544
893,448,338,544
894,448,338,544
895,448,338,544
896,448,338,544
897,448,338,544
898,448,338,544
899,448,338,544
900,448,338,544
901,448,338,544
902,448,338,544
903,448,338,544
904,448,338,544
905,448,338,544
906,448,338,544
907,448,338,544
908,448,338,544
909,448,338,544
910,448,338,544
911,448,338,544
912,448,338,544
913,448,338,544
914,448,338,544
915,448,338,544
916,448,338,544
917,448,338,544
918,448,338,544
919,448,338,544
920,448,338,544
921,448,338,544
922,448,338,544
923,448,338,544
924,448,338,544
925,448,338,544
926,448,338,544
927,448,338,544
928,448,338,544
929,448,338,544
930,448,338,544
931,448,338,544
932,448,338,544
933,448,338,544
934,448,338,544
935,448,338,544
936,448,338,544
937,448,338,544
938,448,338,544
939,448,338,544
940,448,338,544
941,448,338,544
942,448,338,544
943,448,338,544
944,448,338,544
945,448,338,544
946,448,338,544
947,448,338,544
948,448,338,544
949,448,338,544
950,448,338,544
951,448,338,544
952,448,338,544
953,448,338,544
954,448,338,544
955,448,338,544
956,448,338,544
957,448,338,544
958,448,338,544
959,448,338,544
960,448,338,544
961,448,338,544
962,448,338,544
963,448,338,544
964,448,338,544
965,448,338,544
966,448,338,544
967,448,338,544
968,448,338,544
969,448,338,544
970,448,338,544
971,448,338,544
972,448,338,544
973,448,338,544
974,448,338,544
975,448,338,544
976,448,338,544
977,448,338,544
978,448,338,544
979,448,338,544
980,448,338,544
981,448,338,544
982,448,338,544
983,448,338,544
984,448,338,544
985,448,338,544
986,448,338,544
987,448,338,544
988,448,338,544
989,448,338,544
990,448,338,544
991,448,338,544
992,448,338,544
993,448,338,544
994,448,338,544
995,448,338,544
996,448,338,544
997,448,338,544
998,448,338,544
999,448,338,544
1000,448,338,544
1001,448,338,544
1002,448,338,544
1003,448,338,544
1004,448,338,544
1005,448,338,544
1006,448,338,544
1007,448,338,544
1008,448,338,544
1009,448,338,544
1010,448,338,544
1011,448,338,544
1012,448,338,544
1013,448,338,544
1014,448,338,544
1015,448,338,544
1016,448,338,544
1017,448,338,544
1018,448,338,544
1019,448,338,544
1020,448,338,544
1021,448,338,544
1022,448,338,544
1023,448,338,544
1024,448,338,544
1025,448,338,544
1026,448,338,544
1027,448,338,544
1028,448,338,544
1029,448,338,544
1030,448,338,544
1031,448,338,544
1032,448,338,544
1033,448,338,544
1034,448,338,544
1035,448,338,544
1036,448,338,544
1037,448,338,544
1038,448,338,544
1039,448,338,544
1040,448,338,544
1041,448,338,544
1042,448,338,544
1043,448,338,544
1044,448,338,544
1045,448,338,544
1046,448,338,544
1047,452,338,544
1048,452,338,544
1049,452,338,544
1050,452,338,544
1051,452,338,544
1052,452,338,544
1053,452,338,544
1054,452,338,544
1055,452,338,544
1056,452,338,544
1057,452,338,544
1058,452,392,544
1059,452,392,544
1060,452,392,544
1061,452,392,544
1062,452,392,544
1063,452,392,544
1064,452,392,544
1065,452,392,544
1066,475,392,544
1067,475,392,544
1068,475,392,544
1069,475,392,544
1070,475,392,544
1071,475,392,544
1072,475,392,544
1073,475,392,544
1074,475,392,544
1075,475,392,544
1076,475,392,544
1077,475,392,544
1078,475,392,544
1079,475,392,544
1080,475,392,544
1081,475,392,544
1082,475,392,544
1083,475,392,544
1084,475,392,544
1085,475,392,544
1086,475,392,544
1087,475,392,544
1088,475,392,544
1089,475,392,544
1090,475,392,544
1091,475,392,544
1092,475,392,544
1093,475,392,544
1094,475,392,544
1095,475,392,544
1096,475,392,544
1097,475,392,544
1098,475,392,544
1099,475,392,544
1100,475,392,544
1101,475,392,544
1102,475,392,544
1103,475,392,544
1104,475,392,544
1105,475,392,544
1106,475,392,544
1107,475,392,544
1108,475,392,544
1109,475,392,544
1110,475,392,544
1111,475,392,544
1112,475,392,544
1113,475,392,544
1114,475,392,544
1115,475,392,544
1116,475,392,544
1117,475,392,544
1118,475,392,544
1119,475,392,544
1120,475,392,544
1121,475,392,544
1122,475,392,544
1123,475,392,544
1124,475,392,544
1125,475,392,544
1126,475,392,544
1127,475,392,544
1128,475,392,544
1129,475,392,544
1130,475,392,544
1131,475,392,544
1132,475,392,544
1133,475,392,544
1134,475,392,544
1135,475,392,544
1136,475,392,544
1137,475,392,544
1138,475,392,544
1139,475,392,544
1140,475,392,544
1141,475,392,544
1142,488,452,544
1143,488,452,544
1144,488,452,544
1145,488,452,544
1146,488,452,544
1147,488,452,544
1148,488,452,544
1149,488,452,544
1150,493,452,544
1151,493,452,544
1152,493,452,544
1153,493,452,544
1154,493,452,544
1155,493,452,544
1156,493,452,544
1157,493,452,544
1158,493,452,544
1159,493,452,544
1160,493,452,544
1161,493,452,544
1162,493,452,544
1163,493,452,544
1164,493,452,544
1165,493,452,544
1166,493,452,544
1167,493,452,544
1168,493,452,544
1169,493,452,544
1170,493,452,544
1171,493,452,544
1172,493,452,544
1173,493,452,544
1174,493,452,544
1175,493,452,544
1176,493,452,544
1177,493,452,544
1178,493,452,544
1179,493,452,544
1180,493,452,544
1181,493,452,544
1182,493,452,544
1183,493,452,544
1184,493,452,544
1185,493,452,544
1186,493,452,544
1187,493,452,544
1188,493,452,544
1189,493,452,544
1190,493,452,544
1191,493,452,544
1192,493,452,544
1193,493,452,544
1194,493,452,544
1195,493,452,544
1196,493,452,544
1197,493,452,544
1198,493,452,544
1199,493,452,544
1200,493,452,544
1201,493,452,544
1202,493,452,544
1203,493,452,544
1204,493,452,544
1205,493,452,544
1206,493,452,544
1207,493,452,544
1208,493,452,544
1209,493,452,544
1210,493,452,544
1211,493,452,544
1212,493,452,544
1213,493,452,544
1214,493,452,544
1215,493,452,544
1216,493,452,544
1217,493,452,544
1218,493,452,544
1219,493,452,544
1220,493,452,544
1221,493,452,544
1222,493,452,544
1223,493,452,544
1224,493,452,544
1225,493,452,544
1226,493,452,544
1227,493,452,544
1228,493,452,544
1229,493,452,544
1230,493,452,544
1231,493,452,544
1232,493,452,544
1233,493,452,544
1234,493,452,544
1235,493,452,544
1236,493,452,544
1237,493,452,544
1238,493,452,544
1239,493,452,544
1240,493,452,544
1241,493,452,544
1242,493,452,544
1243,493,452,544
1244,493,452,544
1245,493,452,544
1246,493,452,544
1247,493,452,544
1248,493,452,544
1249,493,452,544
1250,493,452,544
1251,493,452,544
1252,493,452,544
1253,493,452,544
1254,493,452,544
1255,493,452,544
1256,493,452,544
1257,493,452,544
1258,493,452,544
1259,493,452,544
1260,493,452,544
1261,493,452,544
1262,493,452,544
1263,493,452,544
1264,493,452,544
1265,493,452,544
1266,493,452,544
1267,493,452,544
1268,493,452,544
1269,493,452,544
1270,493,452,544
1271,493,452,544
1272,493,452,544
1273,493,452,544
1274,493,452,544
1275,493,452,544
1276,493,452,544
1277,493,452,544
1278,493,452,544
1279,493,452,544
1280,493,452,544
1281,493,452,544
1282,493,452,544
1283,493,452,544
1284,493,452,544
1285,493,452,544
1286,493,452,544
1287,493,452,544
1288,493,452,544
1289,493,452,544
1290,493,452,544
1291,493,452,544
1292,493,452,544
1293,493,452,544
1294,493,452,544
1295,493,452,544
1296,493,452,544
1297,493,452,544
1298,493,452,544
1299,493,452,544
1300,493,452,544
1301,493,452,544
1302,493,452,544
1303,493,452,544
1304,493,452,544
1305,493,452,544
1306,493,452,544
1307,493,452,544
1308,493,452,544
1309,493,452,544
1310,493,452,544
1311,493,452,544
1312,493,452,544
1313,493,452,544
1314,493,452,544
1315,493,452,544
1316,493,452,544
1317,493,452,544
1318,493,452,544
1319,493,452,544
1320,493,452,544
1321,493,452,544
1322,493,452,544
1323,493,452,544
1324,493,452,544
1325,493,452,544
1326,493,452,544
1327,493,452,544
1328,493,452,544
1329,493,452,544
1330,493,452,544
1331,493,452,544
1332,493,452,544
1333,493,452,544
1334,493,452,544
1335,493,452,544
1336,493,452,544
1337,493,452,544
1338,493,452,544
1339,493,452,544
1340,493,452,544
1341,493,452,544
1342,493,452,544
1343,493,452,544
1344,493,452,544
1345,493,452,544
1346,493,452,544
1347,493,452,544
1348,493,452,544
1349,493,452,544
1350,493,452,544
1351,493,452,544
1352,493,452,544
1353,493,452,544
1354,493,452,544
1355,493,452,544
1356,493,452,544
1357,493,452,544
1358,493,452,544
1359,493,452,544
1360,493,452,544
1361,493,452,544
1362,493,452,544
1363,493,452,544
1364,493,452,544
1365,493,452,544
1366,493,452,544
1367,493,452,544
1368,493,452,544
1369,493,452,544
1370,493,452,544
1371,493,452,544
1372,493,452,544
1373,493,452,544
1374,493,452,544
1375,493,452,544
1376,493,452,544
1377,493,452,544
1378,493,452,544
1379,493,452,544
1380,493,452,544
1381,493,452,544
1382,493,452,544
1383,493,452,544
1384,493,452,544
1385,493,452,544
1386,493,452,544
1387,493,452,544
1388,493,452,544
1389,493,452,544
1390,493,452,544
1391,493,452,544
1392,493,452,544
1393,493,452,544
1394,493,452,544
1395,493,452,544
1396,493,452,544
1397,493,452,544
1398,493,452,544
1399,493,452,544
1400,493,452,544
1401,493,452,544
1402,493,452,544
1403,493,452,544
1404,493,452,544
1405,493,452,544
1406,493,452,544
1407,493,452,544
1408,493,452,544
1409,493,452,544
1410,493,452,544
1411,493,452,544
1412,493,452,544
1413,493,452,544
1414,493,452,544
1415,493,452,544
1416,493,452,544
1417,493,452,544
1418,493,452,544
1419,493,452,544
1420,493,452,544
1421,493,452,544
1422,493,452,544
1423,493,452,544
1424,493,452,544
1425,493,452,544
1426,493,452,544
1427,493,452,544
1428,493,452,544
1429,493,452,544
1430,493,452,544
1431,493,452,544
1432,493,452,544
1433,493,452,544
1434,493,452,544
1435,493,452,544
1436,493,452,544
1437,493,452,544
1438,493,452,544
1439,493,452,544
1440,493,452,544
1441,493,452,544
1442,493,452,544
1443,493,452,544
1444,493,452,544
1445,493,452,544
1446,493,452,544
1447,493,452,544
1448,493,452,544
1449,493,452,544
1450,493,452,544
1451,493,452,544
1452,493,452,544
1453,493,452,544
1454,493,452,544
1455,493,452,544
1456,493,452,544
1457,493,452,544
1458,493,452,544
1459,493,452,544
1460,493,452,544
1461,493,452,544
1462,493,452,544
1463,493,452,544
1464,493,452,544
1465,493,452,544
1466,493,452,544
1467,493,452,544
1468,493,452,544
1469,493,452,544
1470,493,452,544
1471,493,452,544
1472,493,452,544
1473,493,452,544
1474,493,452,544
1475,493,452,544
1476,493,452,544
1477,493,452,544
1478,493,452,544
1479,493,452,544
1480,493,452,544
1481,493,452,544
1482,493,452,544
1483,493,452,544
1484,493,452,544
1485,493,452,544
1486,493,452,544
1487,493,452,544
1488,493,452,544
1489,493,452,544
1490,493,452,544
1491,493,452,544
1492,493,452,544
1493,493,452,544
1494,493,452,544
1495,493,452,544
1496,493,452,544
1497,493,452,544
1498,493,452,544
1499,493,452,544
1500,493,452,544
1501,493,452,544
1502,493,452,544
1503,493,452,544
1504,493,452,544
1505,493,452,544
1506,493,452,544
1507,493,452,544
1508,493,452,544
1509,493,452,544
1510,493,452,544
1511,493,452,544
1512,493,452,544
1513,493,452,544
1514,493,452,544
1515,493,452,544
1516,493,452,544
1517,493,452,544
1518,493,452,544
1519,493,452,544
1520,493,452,544
1521,493,452,544
1522,493,452,544
1523,493,452,544
1524,493,452,544
1525,493,452,544
1526,493,452,544
1527,493,452,544
1528,493,452,544
1529,493,452,544
1530,493,452,544
1531,493,452,544
1532,493,452,544
1533,493,452,544
1534,493,452,544
1535,493,452,544
1536,493,452,544
1537,493,452,544
1538,493,452,544
1539,493,452,544
1540,493,452,544
1541,493,452,544
1542,493,452,544
1543,493,452,544
1544,493,452,544
1545,493,452,544
1546,493,452,544
1547,493,452,544
1548,493,452,544
1549,493,452,544
1550,493,452,544
1551,493,452,544
1552,493,452,544
1553,493,452,544
1554,493,452,544
1555,493,452,544
1556,493,452,544
1557,493,452,544
1558,493,452,544
1559,493,452,544
1560,493,452,544
1561,493,452,544
1562,493,452,544
1563,493,452,544
1564,493,452,544
1565,493,452,544
1566,493,452,544
1567,493,452,544
1568,493,452,544
1569,493,452,544
1570,493,452,544
1571,493,452,544
1572,493,452,544
1573,493,452,544
1574,493,452,544
1575,493,452,544
1576,493,452,544
1577,493,452,544
1578,493,452,544
1579,493,452,544
1580,493,452,544
1581,493,452,544
1582,493,452,544
1583,493,452,544
1584,493,452,544
1585,493,452,544
1586,493,452,544
1587,493,452,544
1588,493,452,544
1589,493,452,544
1590,493,452,544
1591,493,452,544
1592,493,452,544
1593,493,452,544
1594,493,452,544
1595,493,452,544
1596,493,452,544
1597,493,452,544
1598,493,452,544
1599,493,452,544
1600,493,452,544
1601,493,452,544
1602,493,452,544
1603,493,452,544
1604,493,452,544
1605,493,452,544
1606,493,452,544
1607,493,452,544
1608,493,452,544
1609,493,452,544
1610,493,452,544
1611,493,452,544
1612,493,452,544
1613,493,452,544
1614,493,452,544
1615,493,452,544
1616,493,452,544
1617,493,452,544
1618,493,452,544
1619,493,452,544
1620,493,452,544
1621,493,452,544
1622,493,452,544
1623,493,452,544
1624,493,452,544
1625,493,452,544
1626,493,452,544
1627,493,468,544
1628,493,468,544
1629,493,468,544
1630,493,468,544
1631,493,468,544
1632,493,468,544
1633,493,468,544
1634,493,468,544
1635,493,468,544
1636,493,468,544
1637,493,468,544
1638,493,468,544
1639,493,468,544
1640,493,468,544
1641,493,468,544
1642,493,468,544
1643,493,468,544
1644,493,468,544
1645,493,468,544
1646,493,468,544
1647,493,468,544
1648,493,468,544
1649,493,468,544
1650,493,468,544
1651,493,468,544
1652,493,468,544
1653,493,468,544
1654,493,468,544
1655,493,468,544
1656,493,468,544
1657,493,468,544
1658,493,468,544
1659,493,468,544
1660,493,468,544
1661,493,468,544
1662,493,468,544
1663,493,468,544
1664,493,468,544
1665,493,468,544
1666,493,468,544
1667,493,468,544
1668,493,468,544
1669,493,468,544
1670,493,468,544
1671,493,468,544
1672,493,468,544
1673,493,468,544
1674,493,468,544
1675,493,468,544
1676,493,468,544
1677,493,468,544
1678,493,468,544
1679,493,468,544
1680,493,468,544
1681,493,468,544
1682,493,468,544
1683,493,468,544
1684,493,468,544
1685,493,468,544
1686,493,468,544
1687,493,468,544
1688,493,468,544
1689,493,468,544
1690,493,468,544
1691,493,468,544
1692,493,468,544
1693,493,468,544
1694,493,468,544
1695,493,468,544
1696,493,468,544
1697,493,468,544
1698,493,468,544
1699,493,468,544
1700,493,468,544
1701,493,468,544
1702,493,468,544
1703,493,468,544
1704,493,468,544
1705,493,468,544
1706,493,468,544
1707,493,468,544
1708,493,468,544
1709,493,468,544
1710,493,468,544
1711,493,468,544
1712,493,468,544
1713,493,468,544
1714,493,468,544
1715,493,468,544
1716,493,468,544
1717,493,468,544
1718,493,468,544
1719,493,468,544
1720,493,468,544
1721,493,468,544
1722,493,468,544
1723,493,468,544
1724,493,468,544
1725,493,468,544
1726,493,468,544
1727,493,468,544
1728,493,468,544
1729,493,468,544
1730,493,468,544
1731,493,468,544
1732,493,468,544
1733,493,468,544
1734,493,468,544
1735,493,468,544
1736,493,468,544
1737,493,468,544
1738,493,468,544
1739,493,468,544
1740,493,468,544
1741,493,468,544
1742,493,468,544
1743,493,468,544
1744,493,468,544
1745,493,468,544
1746,493,468,544
1747,493,468,544
1748,493,468,544
1749,493,468,544
1750,493,468,544
1751,493,468,544
1752,493,468,544
1753,493,468,544
1754,493,468,544
1755,493,468,544
1756,493,468,544
1757,493,468,544
1758,493,468,544
1759,493,468,544
1760,493,468,544
1761,493,468,544
1762,493,468,544
1763,493,468,544
1764,493,468,544
1765,493,468,544
1766,493,468,544
1767,493,468,544
1768,493,468,544
1769,493,468,544
1770,493,468,544
1771,493,468,544
1772,493,468,544
1773,493,468,544
1774,493,468,544
1775,493,468,544
1776,493,468,544
1777,493,468,544
1778,493,468,544
1779,493,468,544
1780,493,468,544
1781,493,468,544
1782,493,468,544
1783,493,468,544
1784,493,468,544
1785,493,468,544
1786,493,468,544
1787,493,468,544
1788,493,468,544
1789,493,468,544
1790,493,468,544
1791,493,468,544
1792,493,468,544
1793,493,468,544
1794,493,468,544
1795,510,488,544
1796,510,488,544
1797,510,488,544
1798,510,488,544
1799,510,488,544
1800,510,488,544
1801,510,488,544
1802,510,488,544
1803,510,488,544
1804,510,488,544
1805,510,488,544
1806,510,488,544
1807,510,488,544
1808,510,488,544
1809,510,488,544
1810,510,488,544
1811,510,488,544
1812,510,488,544
1813,510,488,544
1814,510,488,544
1815,510,488,544
1816,510,488,544
1817,510,488,544
1818,510,488,544
1819,510,488,544
1820,510,488,544
1821,510,488,544
1822,510,488,544
1823,510,488,544
1824,510,488,544
1825,510,488,544
1826,510,488,544
1827,510,488,544
1828,510,488,544
1829,510,488,544
1830,510,488,544
1831,510,488,544
1832,510,488,544
1833,510,488,544
1834,510,488,544
1835,510,488,544
1836,510,488,544
1837,510,488,550
1838,510,488,550
1839,510,488,550
1840,510,488,550
1841,510,488,550
1842,510,488,550
1843,510,488,550
1844,510,488,550
1845,510,488,550
1846,510,488,550
1847,510,488,550
1848,510,488,550
1849,510,488,550
1850,510,488,550
1851,510,488,550
1852,510,488,550
1853,510,488,550
1854,510,488,550
1855,510,488,550
1856,510,488,550
1857,510,488,550
1858,510,488,550
1859,510,488,550
1860,510,488,550
1861,510,488,550
1862,510,488,550
1863,510,488,550
1864,510,488,550
1865,510,488,550
1866,510,488,550
1867,510,488,550
1868,510,488,550
1869,510,488,550
1870,510,488,550
1871,510,488,550
1872,510,488,550
1873,510,488,550
1874,510,488,550
1875,510,488,550
1876,510,488,550
1877,510,488,550
1878,510,488,550
1879,510,488,550
1880,510,488,550
1881,510,488,550
1882,510,488,550
1883,510,488,550
1884,510,488,550
1885,510,488,550
1886,510,488,550
1887,510,488,550
1888,510,488,550
1889,510,488,550
1890,510,488,550
1891,510,488,550
1892,510,488,550
1893,510,488,550
1894,510,488,550
1895,510,488,550
1896,510,488,550
1897,510,488,550
1898,510,488,550
1899,510,488,550
1900,510,488,550
1901,510,488,550
1902,510,488,550
1903,510,488,550
1904,510,488,550
1905,510,488,550
1906,510,488,550
1907,510,488,550
1908,510,488,550
1909,510,488,550
1910,510,488,550
1911,510,488,550
1912,510,488,550
1913,510,488,550
1914,510,488,550
1915,510,488,550
1916,510,488,550
1917,510,488,550
1918,510,488,550
1919,510,488,550
1920,510,488,550
1921,510,488,550
1922,510,488,550
1923,510,488,550
1924,510,488,550
1925,510,488,550
1926,510,488,550
1927,510,488,550
1928,510,488,550
1929,510,488,550
1930,510,488,550
1931,510,488,550
1932,510,488,550
1933,510,488,550
1934,510,488,550
1935,510,488,550
1936,510,488,550
1937,510,488,550
1938,510,488,550
1939,510,488,550
1940,510,488,550
1941,510,488,550
1942,510,488,550
1943,510,488,550
1944,510,488,550
1945,510,488,550
1946,510,488,550
1947,510,488,550
1948,510,488,550
1949,510,488,550
1950,510,488,550
1951,510,488,550
1952,510,488,550
1953,510,488,550
1954,510,493,550
1955,510,493,550
1956,510,493,550
1957,510,493,550
1958,510,493,550
1959,510,493,550
1960,510,493,550
1961,510,493,550
1962,510,493,550
1963,510,493,550
1964,510,493,550
1965,510,493,550
1966,510,493,550
1967,510,493,550
1968,510,493,550
1969,510,493,550
1970,510,493,550
1971,510,493,550
1972,510,493,550
1973,510,493,550
1974,510,493,550
1975,510,493,550
1976,510,493,550
1977,510,493,550
1978,510,493,550
1979,510,493,550
1980,510,493,550
1981,510,493,550
1982,510,493,550
1983,510,493,550
1984,510,493,550
1985,510,493,550
1986,510,493,550
1987,510,493,550
1988,510,493,550
1989,510,493,550
1990,510,493,550
1991,510,493,550
1992,510,493,550
1993,510,493,550
1994,510,493,550
1995,510,493,550
1996,510,493,550
1997,510,493,550
1998,510,493,550
1999,510,493,550
2000,510,493,550
2001,510,493,550
2002,510,493,550
2003,510,493,550
2004,510,493,550
2005,510,493,550
2006,510,493,550
2007,510,493,550
2008,510,493,550
2009,510,493,550
2010,510,493,550
2011,510,493,550
2012,510,493,550
2013,510,493,550
2014,510,493,550
2015,510,493,550
2016,510,493,550
2017,510,493,550
2018,510,493,550
2019,516,493,550
2020,516,493,550
2021,516,493,550
2022,516,493,550
2023,516,493,550
2024,516,493,550
2025,516,493,550
2026,516,493,550
2027,516,493,550
2028,516,493,550
2029,516,493,550
2030,516,493,550
2031,516,493,550
2032,516,493,550
2033,516,493,550
2034,516,493,550
2035,516,493,550
2036,516,493,550
2037,516,493,550
2038,516,493,550
2039,516,493,550
2040,516,493,550
2041,516,493,550
2042,516,493,550
2043,516,493,550
2044,516,493,550
2045,516,493,550
2046,516,493,550
2047,516,493,550
2048,516,493,550
2049,516,493,550
2050,516,493,550
2051,516,493,550
2052,516,493,550
2053,516,493,550
2054,516,493,550
2055,516,493,550
2056,516,493,550
2057,516,493,550
2058,516,493,550
2059,516,493,550
2060,516,493,550
2061,516,493,550
2062,516,493,550
2063,516,493,550
2064,516,493,550
2065,516,493,550
2066,516,493,550
2067,516,493,550
2068,516,493,550
2069,516,493,550
2070,516,493,550
2071,516,493,550
2072,516,493,550
2073,516,493,550
2074,516,493,550
2075,516,493,550
2076,516,493,550
2077,516,493,550
2078,516,493,550
2079,516,493,550
2080,516,493,550
2081,516,493,550
2082,516,493,550
2083,516,493,550
2084,516,493,550
2085,516,493,550
2086,516,493,550
2087,516,493,550
2088,516,493,550
2089,516,493,550
2090,516,493,550
2091,516,493,550
2092,516,493,550
2093,516,493,550
2094,516,493,550
2095,516,493,550
2096,516,493,577
2097,516,493,577
2098,516,493,577
2099,516,493,577
2100,516,493,577
2101,516,493,577
2102,516,493,577
2103,516,493,577
2104,516,493,577
2105,516,493,577
2106,516,493,577
2107,516,493,577
2108,516,493,577
2109,516,493,577
2110,516,493,577
2111,516,493,577
2112,516,493,577
2113,516,493,577
2114,516,493,577
2115,516,493,577
2116,516,493,577
2117,516,493,577
2118,516,493,577
2119,516,493,577
2120,516,493,577
2121,516,493,577
2122,516,493,577
2123,516,493,577
2124,516,493,577
2125,516,493,577
2126,516,493,577
2127,516,493,577
2128,516,493,577
2129,516,493,577
2130,516,493,577
2131,516,493,577
2132,516,493,577
2133,516,493,577
2134,516,493,577
2135,516,493,577
2136,516,493,577
2137,516,493,577
2138,516,493,577
2139,516,493,577
2140,516,493,577
2141,516,493,577
2142,516,493,577
2143,516,493,577
2144,516,493,577
2145,516,493,577
2146,516,493,577
2147,516,493,577
2148,516,493,577
2149,516,493,577
2150,516,493,577
2151,516,493,577
2152,516,493,577
2153,516,493,577
2154,516,493,577
2155,516,493,577
2156,516,493,577
2157,516,493,577
2158,516,493,577
2159,516,493,577
2160,516,493,577
2161,516,493,577
2162,516,493,577
2163,516,493,577
2164,516,493,577
2165,516,493,577
2166,516,493,577
2167,516,493,577
2168,516,493,577
2169,516,493,577
2170,516,493,577
2171,516,493,577
2172,516,493,577
2173,516,493,577
2174,516,493,577
2175,516,493,577
2176,516,493,577
2177,516,493,577
2178,516,493,577
2179,516,493,577
2180,516,493,590
2181,516,493,590
2182,516,493,590
2183,516,493,590
2184,516,493,590
2185,516,493,590
2186,516,493,590
2187,516,493,590
2188,516,493,590
2189,516,493,590
2190,516,493,590
2191,516,493,590
2192,516,493,590
2193,516,493,590
2194,516,493,590
2195,516,493,590
2196,516,493,590
2197,516,493,590
2198,516,493,590
2199,516,493,590
2200,516,493,590
2201,516,493,590
2202,516,493,590
2203,516,493,590
2204,516,493,590
2205,516,493,590
2206,516,493,590
2207,516,493,590
2208,516,493,590
2209,516,493,590
2210,516,493,590
2211,516,493,590
2212,516,493,590
2213,516,493,590
2214,516,493,590
2215,516,493,590
2216,516,493,590
2217,516,493,590
2218,516,493,590
2219,516,493,590
2220,516,493,590
2221,516,493,590
2222,516,493,590
2223,516,493,590
2224,516,493,590
2225,516,493,590
2226,516,493,590
2227,516,493,590
2228,516,493,590
2229,516,493,590
2230,516,493,590
2231,516,493,590
2232,516,493,590
2233,516,493,590
2234,516,493,590
2235,516,493,590
2236,516,493,590
2237,516,493,590
2238,516,493,590
2239,516,493,590
2240,516,493,590
2241,516,493,590
2242,516,493,590
2243,516,493,590
2244,516,493,590
2245,516,493,590
2246,516,493,590
2247,516,493,590
2248,516,493,590
2249,516,493,590
2250,516,493,590
2251,516,493,590
2252,516,493,590
2253,516,493,590
2254,516,493,590
2255,516,493,590
2256,516,493,590
2257,516,493,590
2258,516,493,590
2259,516,493,590
2260,516,493,590
2261,516,493,590
2262,516,493,590
2263,516,493,590
2264,516,493,590
2265,516,493,590
2266,516,493,590
2267,516,493,590
2268,516,493,590
2269,516,493,590
2270,516,493,590
2271,516,493,590
2272,516,493,590
2273,516,493,590
2274,516,493,590
2275,516,493,590
2276,516,493,590
2277,516,493,590
2278,516,493,590
2279,516,493,590
2280,516,493,590
2281,516,493,590
2282,516,493,590
2283,516,493,590
2284,516,493,590
2285,516,493,590
2286,516,493,590
2287,516,493,590
2288,516,493,590
2289,516,493,590
2290,516,493,590
2291,516,493,590
2292,516,493,590
2293,516,493,590
2294,516,493,590
2295,516,493,590
2296,516,501,590
2297,516,501,590
2298,516,501,590
2299,516,501,590
2300,516,501,590
2301,516,501,590
2302,516,501,590
2303,516,501,590
2304,516,501,590
2305,516,501,590
2306,516,501,590
2307,516,501,590
2308,516,501,590
2309,516,501,590
2310,516,501,590
2311,516,501,590
2312,516,501,590
2313,516,501,590
2314,516,501,590
2315,516,501,590
2316,516,501,590
2317,516,501,590
2318,516,501,590
2319,516,501,590
2320,516,501,590
2321,516,501,590
2322,516,501,590
2323,516,501,590
2324,516,501,590
2325,516,501,590
2326,516,501,590
2327,516,501,590
2328,516,501,590
2329,516,501,590
2330,516,501,590
2331,516,501,590
2332,516,501,590
2333,516,501,590
2334,516,501,590
2335,516,501,590
2336,516,501,590
2337,516,501,590
2338,516,501,590
2339,516,501,590
2340,516,501,590
2341,516,501,590
2342,516,501,590
2343,516,501,590
2344,516,501,590
2345,516,501,590
2346,516,501,590
2347,516,501,590
2348,516,501,590
2349,516,501,590
2350,516,501,590
2351,516,501,590
2352,516,501,590
2353,516,501,590
2354,516,501,590
2355,522,501,590
2356,522,501,590
2357,522,501,590
2358,522,501,590
2359,522,501,590
2360,522,501,590
2361,522,501,590
2362,522,501,590
2363,522,501,590
2364,522,501,590
2365,522,501,590
2366,522,501,590
2367,522,501,590
2368,522,501,590
2369,522,501,590
2370,522,501,590
2371,522,501,590
2372,522,501,590
2373,522,501,590
2374,522,501,590
2375,522,501,590
2376,522,501,590
2377,522,501,590
2378,522,501,590
2379,522,501,590
2380,522,501,590
2381,522,501,590
2382,522,501,590
2383,522,501,590
2384,522,501,590
2385,522,501,590
2386,522,501,590
2387,522,501,590
2388,522,501,590
2389,522,501,590
2390,522,501,590
2391,522,501,590
2392,522,501,590
2393,522,501,590
2394,522,501,590
2395,522,501,590
2396,522,501,590
2397,522,501,590
2398,522,501,590
2399,522,501,590
2400,522,501,590
2401,522,501,590
2402,522,501,590
2403,522,501,590
2404,522,501,590
2405,522,501,590
2406,522,501,590
2407,522,501,590
2408,522,501,590
2409,522,501,590
2410,522,501,590
2411,522,501,590
2412,522,501,590
2413,522,501,590
2414,522,501,590
2415,522,501,590
2416,522,501,590
2417,522,501,590
2418,522,501,590
2419,522,501,590
2420,522,501,590
2421,522,501,590
2422,522,501,590
2423,522,501,590
2424,522,501,590
2425,522,501,590
2426,522,501,590
2427,522,501,590
2428,522,501,590
2429,522,501,590
2430,522,501,590
2431,522,501,590
2432,522,501,590
2433,522,501,590
2434,522,501,590
2435,522,501,590
2436,522,501,590
2437,522,501,590
2438,522,501,590
2439,522,501,590
2440,522,501,590
2441,522,501,590
2442,522,501,590
2443,522,501,590
2444,522,501,590
2445,522,501,590
2446,522,501,590
2447,522,501,590
2448,522,501,590
2449,522,501,590
2450,522,501,590
2451,522,501,590
2452,522,501,590
2453,522,501,590
2454,522,501,590
2455,522,501,590
2456,522,501,590
2457,522,501,590
2458,522,501,590
2459,522,501,590
2460,522,501,590
2461,522,501,590
2462,522,501,590
2463,522,501,590
2464,522,501,590
2465,522,501,590
2466,522,501,590
2467,522,501,590
2468,522,501,590
2469,522,501,590
2470,522,501,590
2471,522,501,590
2472,522,501,590
2473,522,501,590
2474,522,501,590
2475,522,501,590
2476,522,501,590
2477,522,501,590
2478,522,501,590
2479,522,501,590
2480,522,501,590
2481,522,501,590
2482,522,501,590
2483,522,501,590
2484,522,501,590
2485,522,501,590
2486,522,501,590
2487,522,501,590
2488,522,501,590
2489,522,501,590
2490,522,501,590
2491,522,501,590
2492,522,501,590
2493,522,501,590
2494,522,501,590
2495,522,501,590
2496,522,501,590
2497,522,501,590
2498,522,501,590
2499,522,501,590
2500,522,501,590
2501,522,501,590
2502,522,501,590
2503,522,501,590
2504,522,501,590
2505,522,501,590
2506,522,501,590
2507,522,501,590
2508,522,501,590
2509,522,501,590
2510,522,501,590
2511,522,501,590
2512,522,501,590
2513,522,501,590
2514,522,501,590
2515,522,501,590
2516,522,501,590
2517,522,501,590
2518,522,501,590
2519,522,501,590
2520,522,501,590
2521,522,501,590
2522,522,501,590
2523,522,501,590
2524,522,501,590
2525,522,501,590
2526,522,501,590
2527,522,501,590
2528,522,501,590
2529,522,501,590
2530,522,501,590
2531,522,501,590
2532,522,501,590
2533,522,501,590
2534,522,501,590
2535,522,501,590
2536,522,501,590
2537,522,501,590
2538,522,501,590
2539,522,501,590
2540,522,501,590
2541,522,501,590
2542,522,501,590
2543,522,501,590
2544,522,501,590
2545,522,501,590
2546,522,501,590
2547,522,501,590
2548,522,501,590
2549,522,501,590
2550,522,501,590
2551,522,501,590
2552,522,501,590
2553,522,501,590
2554,522,501,590
2555,522,501,590
2556,522,501,590
2557,522,501,590
2558,522,501,590
2559,522,501,590
2560,522,501,590
2561,522,501,590
2562,522,501,590
2563,522,501,590
2564,522,501,590
2565,522,501,590
2566,522,501,590
2567,522,501,590
2568,522,501,590
2569,522,501,590
2570,522,501,590
2571,522,501,590
2572,522,501,590
2573,522,501,590
2574,522,501,590
2575,522,501,590
2576,522,501,590
2577,522,501,590
2578,522,501,590
2579,522,501,590
2580,522,501,590
2581,522,501,590
2582,522,501,590
2583,522,501,590
2584,522,501,590
2585,522,501,590
2586,522,501,590
2587,522,501,590
2588,522,501,590
2589,522,501,590
2590,522,501,590
2591,522,501,590
2592,522,501,590
2593,522,501,590
2594,522,501,590
2595,522,501,590
2596,522,501,590
2597,522,501,590
2598,522,501,590
2599,522,501,590
2600,522,501,590
2601,522,501,590
2602,522,501,590
2603,522,501,590
2604,522,501,590
2605,522,501,590
2606,522,501,590
2607,522,501,590
2608,522,501,590
2609,522,501,590
2610,522,501,590
2611,522,501,590
2612,522,501,590
2613,522,501,590
2614,522,501,590
2615,522,501,590
2616,522,501,590
2617,522,501,590
2618,522,501,590
2619,522,501,590
2620,522,501,590
2621,522,501,590
2622,522,501,590
2623,522,501,590
2624,522,501,590
2625,522,501,590
2626,522,501,590
2627,522,501,590
2628,522,501,590
2629,522,501,590
2630,522,501,590
2631,522,501,590
2632,522,501,590
2633,522,501,590
2634,522,501,590
2635,529,501,590
2636,529,501,590
2637,529,501,590
2638,529,501,590
2639,529,501,590
2640,529,501,590
2641,529,501,590
2642,529,501,590
2643,529,501,590
2644,529,501,590
2645,529,501,590
2646,529,501,590
2647,529,501,590
2648,529,501,590
2649,529,501,590
2650,529,501,590
2651,529,501,590
2652,529,501,590
2653,529,501,590
2654,529,501,590
2655,529,501,590
2656,529,501,590
2657,529,501,590
2658,529,501,590
2659,529,501,590
2660,529,501,590
2661,529,501,590
2662,529,501,590
2663,529,501,590
2664,529,501,590
2665,529,501,590
2666,529,501,590
2667,529,501,590
2668,529,501,590
2669,529,501,590
2670,529,501,590
2671,529,501,590
2672,529,501,590
2673,529,501,590
2674,529,501,590
2675,529,501,590
2676,529,501,590
2677,529,501,590
2678,529,501,590
2679,529,501,590
2680,529,501,590
2681,529,501,590
2682,529,501,590
2683,529,501,590
2684,529,501,590
2685,529,501,590
2686,529,501,590
2687,529,501,590
2688,529,501,590
2689,529,501,590
2690,529,501,590
2691,529,501,590
2692,529,501,590
2693,529,501,590
2694,529,501,590
2695,529,501,590
2696,529,501,590
2697,529,501,590
2698,529,501,590
2699,529,501,590
2700,529,501,590
2701,529,501,590
2702,529,501,590
2703,529,501,590
2704,529,501,590
2705,529,501,590
2706,529,501,590
2707,529,501,590
2708,529,501,590
2709,529,501,590
2710,529,501,590
2711,529,501,590
2712,529,501,590
2713,529,501,590
2714,529,501,590
2715,529,501,590
2716,529,501,590
2717,529,501,590
2718,529,501,590
2719,529,501,590
2720,529,501,590
2721,529,501,590
2722,529,501,590
2723,529,501,590
2724,529,501,590
2725,529,501,590
2726,529,501,590
2727,529,501,590
2728,529,501,590
2729,529,501,590
2730,529,501,590
2731,529,501,590
2732,529,501,590
2733,529,501,590
2734,529,501,590
2735,529,501,590
2736,529,501,590
2737,529,501,590
2738,529,501,590
2739,529,501,590
2740,529,501,590
2741,529,501,590
2742,529,501,590
2743,529,501,590
2744,529,501,590
2745,529,501,590
2746,529,501,590
2747,529,501,590
2748,529,501,590
2749,529,501,590
2750,529,501,590
2751,529,501,590
2752,529,501,590
2753,529,501,590
2754,529,501,590
2755,529,501,590
2756,529,501,590
2757,529,501,590
2758,529,501,590
2759,529,501,590
2760,529,501,590
2761,529,501,590
2762,529,501,590
2763,529,501,590
2764,529,501,590
2765,529,501,590
2766,529,501,590
2767,529,501,590
2768,529,501,590
2769,529,501,590
2770,529,501,590
2771,529,501,590
2772,529,501,590
2773,529,501,590
2774,529,501,590
2775,529,501,590
2776,529,501,590
2777,529,501,590
2778,529,501,590
2779,529,501,590
2780,529,501,590
2781,529,501,590
2782,529,501,590
2783,529,501,590
2784,529,501,590
2785,529,501,590
2786,529,501,590
2787,529,501,590
2788,529,501,590
2789,529,501,590
2790,529,501,590
2791,529,501,590
2792,529,501,590
2793,529,501,590
2794,529,501,590
2795,529,501,590
2796,529,501,590
2797,529,501,590
2798,529,501,590
2799,529,501,590
2800,529,501,590
2801,529,501,590
2802,529,501,590
2803,544,501,590
2804,544,501,590
2805,544,501,590
2806,544,501,590
2807,544,501,590
2808,544,501,590
2809,544,501,590
2810,544,501,590
2811,544,501,590
2812,544,501,590
2813,544,501,590
2814,544,501,590
2815,544,501,590
2816,544,501,590
2817,544,501,590
2818,544,501,590
2819,544,501,590
2820,544,501,590
2821,544,501,590
2822,544,501,590
2823,544,501,590
2824,544,501,590
2825,544,501,590
2826,544,501,590
2827,544,501,590
2828,544,501,590
2829,544,501,590
2830,544,501,590
2831,558,501,590
2832,558,501,590
2833,558,501,590
2834,558,501,590
2835,558,501,590
2836,558,501,590
2837,558,501,590
2838,558,501,590
2839,558,501,590
2840,558,501,590
2841,558,501,590
2842,558,501,590
2843,558,501,590
2844,558,501,590
2845,558,501,590
2846,558,501,590
2847,558,501,590
2848,558,501,590
2849,558,501,590
2850,558,501,590
2851,558,501,590
2852,558,501,590
2853,558,501,590
2854,558,501,590
2855,558,501,590
2856,558,501,590
2857,558,501,590
2858,558,501,590
2859,558,501,590
2860,558,501,590
2861,558,501,590
2862,558,501,590
2863,558,501,590
2864,558,501,590
2865,558,501,590
2866,558,501,590
2867,558,501,590
2868,558,501,590
2869,558,501,590
2870,558,501,590
2871,558,501,590
2872,558,501,590
2873,558,501,590
2874,558,501,590
2875,558,501,590
2876,558,501,590
2877,558,501,590
2878,558,501,590
2879,558,501,590
2880,558,501,590
2881,558,501,590
2882,558,501,590
2883,558,501,590
2884,558,501,590
2885,558,501,590
2886,558,501,590
2887,558,501,590
2888,558,501,590
2889,558,501,590
2890,558,501,590
2891,558,501,590
2892,558,501,590
2893,558,501,590
2894,558,501,590
2895,558,501,590
2896,558,501,590
2897,558,501,590
2898,558,501,590
2899,558,501,590
2900,558,501,590
2901,558,501,590
2902,558,501,590
2903,558,501,590
2904,558,501,590
2905,558,501,590
2906,558,501,590
2907,558,501,590
2908,558,501,590
2909,558,501,590
2910,558,501,590
2911,558,501,590
2912,558,501,590
2913,558,501,590
2914,558,501,590
2915,558,501,590
2916,558,501,590
2917,558,501,590
2918,558,501,590
2919,558,501,590
2920,558,501,590
2921,558,501,590
2922,558,501,590
2923,558,501,590
2924,558,501,590
2925,558,501,590
2926,558,501,590
2927,558,501,590
2928,558,501,590
2929,558,501,590
2930,558,501,590
2931,558,501,590
2932,558,501,590
2933,558,501,590
2934,558,501,590
2935,558,501,590
2936,558,501,590
2937,558,501,590
2938,558,501,590
2939,558,501,590
2940,558,501,590
2941,558,501,590
2942,558,501,590
2943,558,501,590
2944,558,501,590
2945,558,501,590
2946,558,501,590
2947,558,501,590
2948,558,501,590
2949,558,501,590
2950,558,501,590
2951,558,501,590
2952,558,501,590
2953,558,501,590
2954,558,501,590
2955,558,501,590
2956,558,501,590
2957,558,501,590
2958,558,501,590
2959,558,501,590
2960,558,501,590
2961,558,501,590
2962,558,501,590
2963,558,501,590
2964,558,501,590
2965,558,501,590
2966,558,501,590
2967,558,501,590
2968,558,501,590
2969,558,501,590
2970,558,501,590
2971,558,501,590
2972,558,501,590
2973,558,501,590
2974,558,501,590
2975,558,501,590
2976,558,501,590
2977,558,501,590
2978,558,501,590
2979,558,501,590
2980,558,501,590
2981,558,501,590
2982,558,501,590
2983,558,501,590
2984,558,501,590
2985,558,501,590
2986,558,501,590
2987,558,501,590
2988,558,501,590
2989,558,501,590
2990,558,501,590
2991,558,501,590
2992,558,501,590
2993,558,501,590
2994,558,501,590
2995,558,501,590
2996,558,501,590
2997,558,501,590
2998,558,501,590
2999,558,501,590
3000,558,501,590
3001,558,501,590
3002,558,501,590
3003,558,501,590
3004,558,501,590
3005,558,501,590
3006,558,501,590
3007,558,501,590
3008,558,501,590
3009,558,501,590
3010,558,501,590
3011,558,501,590
3012,558,501,590
3013,558,501,590
3014,558,501,590
3015,558,501,590
3016,558,501,590
3017,558,501,590
3018,558,501,590
3019,558,501,590
3020,558,501,590
3021,558,501,590
3022,558,501,590
3023,558,501,594
3024,558,501,594
3025,558,501,594
3026,558,501,594
3027,564,501,594
3028,564,501,594
3029,564,501,594
3030,564,501,594
3031,564,501,594
3032,564,501,594
3033,564,501,594
3034,564,501,594
3035,564,501,594
3036,564,501,594
3037,564,501,594
3038,564,501,594
3039,564,501,594
3040,564,501,594
3041,564,501,594
3042,564,501,594
3043,564,501,594
3044,564,501,594
3045,564,501,594
3046,564,501,594
3047,564,501,594
3048,564,501,594
3049,564,501,594
3050,564,501,594
3051,564,501,594
3052,564,501,594
3053,564,501,594
3054,564,501,594
3055,564,501,594
3056,564,501,594
3057,564,501,594
3058,564,501,594
3059,564,501,594
3060,564,501,594
3061,564,501,594
3062,564,501,594
3063,564,501,594
3064,564,501,594
3065,564,501,594
3066,564,501,594
3067,564,501,594
3068,564,501,594
3069,564,501,594
3070,564,501,594
3071,564,501,594
3072,564,501,594
3073,564,501,594
3074,564,501,594
3075,564,501,594
3076,564,501,594
3077,564,501,594
3078,564,501,594
3079,564,501,594
3080,564,501,594
3081,564,501,594
3082,564,501,594
3083,564,501,594
3084,564,501,594
3085,564,501,594
3086,564,501,594
3087,564,501,594
3088,564,501,594
3089,564,501,594
3090,564,501,594
3091,564,501,594
3092,564,501,594
3093,564,501,594
3094,564,501,594
3095,564,501,594
3096,564,501,594
3097,564,501,594
3098,564,501,594
3099,564,501,594
3100,564,501,594
3101,564,501,594
3102,564,501,594
3103,564,501,594
3104,564,501,594
3105,564,501,594
3106,564,501,594
3107,564,501,594
3108,564,501,594
3109,564,501,594
3110,564,501,594
3111,564,501,594
3112,564,501,594
3113,564,501,594
3114,564,501,594
3115,564,501,594
3116,564,501,594
3117,564,501,594
3118,564,501,594
3119,564,501,594
3120,564,501,594
3121,564,501,594
3122,564,501,594
3123,564,501,594
3124,564,501,594
3125,564,501,594
3126,564,501,594
3127,564,501,594
3128,564,501,594
3129,564,501,594
3130,564,501,594
3131,564,501,594
3132,564,501,594
3133,564,501,594
3134,564,501,594
3135,564,501,594
3136,564,501,594
3137,564,501,594
3138,564,501,594
3139,564,501,594
3140,564,501,594
3141,564,501,594
3142,564,501,594
3143,564,501,594
3144,564,501,594
3145,564,501,594
3146,564,501,594
3147,564,501,594
3148,564,501,594
3149,564,501,594
3150,564,501,594
3151,564,501,594
3152,564,501,594
3153,564,501,594
3154,564,501,594
3155,564,501,594
3156,564,501,594
3157,564,501,594
3158,564,501,594
3159,564,501,594
3160,564,501,594
3161,564,501,594
3162,564,501,594
3163,564,501,594
3164,564,501,594
3165,564,501,594
3166,564,501,594
3167,564,501,594
3168,564,501,594
3169,564,501,594
3170,564,501,594
3171,564,501,594
3172,564,501,594
3173,564,501,594
3174,564,501,594
3175,564,501,594
3176,564,501,594
3177,564,501,594
3178,564,501,594
3179,564,501,594
3180,564,501,594
3181,564,501,594
3182,564,501,594
3183,564,501,594
3184,564,501,594
3185,564,501,594
3186,564,501,594
3187,564,501,594
3188,564,501,594
3189,564,501,594
3190,564,501,594
3191,564,501,594
3192,564,501,594
3193,564,501,594
3194,564,501,594
3195,564,501,594
3196,564,501,594
3197,564,501,594
3198,564,501,594
3199,564,501,594
3200,564,501,594
3201,564,501,594
3202,564,501,594
3203,564,501,594
3204,564,501,594
3205,564,501,594
3206,564,501,594
3207,564,501,594
3208,564,501,594
3209,564,501,594
3210,564,501,594
3211,564,501,594
3212,564,501,594
3213,564,501,594
3214,564,501,594
3215,564,501,594
3216,564,501,594
3217,564,501,594
3218,564,501,594
3219,564,501,594
3220,564,501,594
3221,564,501,594
3222,564,501,594
3223,564,501,594
3224,564,501,594
3225,564,501,594
3226,564,501,594
3227,564,501,594
3228,564,501,594
3229,564,501,594
3230,564,501,594
3231,564,501,594
3232,564,501,594
3233,564,501,594
3234,564,501,594
3235,564,501,594
3236,564,501,594
3237,564,501,594
3238,564,501,594
3239,564,501,594
3240,564,501,594
3241,564,501,594
3242,564,501,594
3243,564,501,594
3244,564,501,594
3245,564,501,594
3246,564,501,594
3247,564,501,594
3248,564,501,594
3249,564,501,594
3250,564,501,594
3251,564,501,594
3252,564,501,594
3253,564,501,594
3254,564,501,594
3255,564,501,594
3256,564,501,594
3257,564,501,594
3258,564,501,594
3259,564,501,594
3260,564,501,594
3261,564,501,594
3262,564,501,594
3263,564,501,594
3264,564,501,594
3265,564,501,594
3266,564,501,594
3267,564,501,594
3268,564,501,594
3269,564,501,594
3270,564,501,594
3271,564,501,594
3272,564,501,594
3273,564,501,594
3274,564,501,594
3275,564,501,594
3276,564,501,594
3277,564,501,594
3278,564,501,594
3279,564,501,594
3280,564,501,594
3281,564,501,594
3282,564,501,594
3283,564,501,594
3284,564,501,594
3285,564,501,594
3286,564,501,594
3287,564,501,594
3288,564,501,594
3289,564,501,594
3290,564,501,594
3291,564,501,594
3292,564,501,594
3293,564,501,594
3294,564,501,594
3295,564,501,594
3296,564,501,594
3297,564,501,594
3298,564,501,594
3299,564,501,594
3300,564,501,594
3301,564,501,594
3302,564,501,594
3303,564,501,594
3304,564,501,594
3305,564,501,594
3306,564,501,594
3307,564,501,594
3308,564,501,594
3309,564,501,594
3310,564,501,594
3311,564,501,594
3312,564,501,594
3313,564,501,594
3314,564,501,594
3315,564,501,594
3316,564,501,594
3317,564,501,594
3318,564,501,594
3319,564,501,594
3320,564,501,594
3321,564,501,594
3322,564,501,594
3323,564,501,594
3324,564,501,594
3325,564,501,594
3326,564,501,594
3327,564,501,594
3328,564,501,594
3329,564,501,594
3330,564,501,594
3331,564,501,594
3332,564,501,594
3333,564,501,594
3334,564,501,594
3335,564,501,594
3336,564,501,594
3337,564,501,594
3338,564,501,594
3339,564,501,594
3340,564,501,594
3341,564,501,594
3342,564,501,594
3343,564,501,594
3344,564,501,594
3345,564,501,594
3346,564,501,594
3347,564,501,594
3348,564,501,594
3349,564,501,594
3350,564,501,594
3351,564,501,594
3352,564,501,594
3353,564,501,594
3354,564,501,594
3355,564,501,594
3356,564,501,594
3357,564,501,594
3358,564,501,594
3359,564,501,594
3360,564,501,594
3361,564,501,594
3362,564,501,594
3363,564,501,594
3364,564,501,594
3365,564,501,594
3366,564,501,594
3367,564,501,594
3368,564,501,594
3369,564,501,594
3370,564,501,594
3371,564,501,594
3372,564,501,594
3373,564,501,594
3374,564,501,594
3375,564,501,594
3376,564,501,594
3377,564,501,594
3378,564,501,594
3379,564,501,594
3380,564,501,594
3381,564,501,594
3382,564,501,594
3383,564,501,594
3384,564,501,602
3385,564,501,602
3386,564,501,602
3387,564,501,602
3388,564,501,602
3389,564,501,602
3390,564,501,602
3391,564,501,602
3392,564,501,602
3393,564,501,602
3394,564,501,602
3395,564,501,602
3396,564,501,602
3397,564,501,602
3398,564,501,602
3399,564,501,602
3400,564,501,602
3401,564,501,602
3402,564,501,602
3403,564,501,602
3404,564,501,602
3405,564,501,602
3406,564,501,602
3407,564,501,602
3408,564,501,602
3409,564,501,602
3410,564,501,602
3411,564,501,602
3412,564,501,602
3413,564,501,602
3414,564,501,602
3415,564,501,602
3416,564,501,602
3417,564,501,602
3418,564,501,602
3419,564,501,602
3420,564,501,602
3421,564,501,602
3422,564,501,602
3423,564,501,602
3424,564,501,602
3425,564,501,602
3426,564,501,602
3427,564,501,602
3428,564,501,602
3429,564,501,602
3430,564,501,602
3431,564,501,602
3432,564,501,602
3433,564,501,602
3434,564,501,602
3435,564,501,602
3436,564,501,602
3437,564,501,602
3438,564,501,602
3439,564,501,602
3440,564,501,602
3441,564,501,602
3442,564,501,602
3443,564,501,602
3444,564,501,602
3445,564,501,602
3446,564,501,602
3447,564,501,602
3448,564,501,602
3449,564,501,602
3450,564,501,602
3451,564,501,602
3452,564,501,602
3453,564,501,602
3454,564,501,602
3455,564,501,602
3456,564,501,602
3457,564,501,602
3458,564,501,602
3459,564,501,602
3460,564,501,602
3461,564,501,602
3462,564,501,602
3463,564,501,602
3464,564,501,602
3465,564,501,602
3466,564,501,602
3467,564,501,602
3468,564,501,602
3469,564,501,602
3470,564,501,602
3471,564,501,602
3472,564,501,602
3473,564,501,602
3474,564,501,602
3475,564,501,602
3476,564,501,602
3477,564,501,602
3478,564,501,602
3479,564,501,602
3480,564,501,602
3481,564,501,602
3482,564,501,602
3483,564,501,602
3484,564,501,602
3485,564,501,602
3486,564,501,602
3487,564,501,602
3488,564,501,602
3489,564,501,602
3490,564,501,602
3491,564,501,602
3492,564,501,602
3493,564,501,602
3494,564,501,602
3495,564,501,602
3496,564,501,602
3497,564,501,602
3498,564,501,602
3499,564,501,602
3500,564,501,602
3501,564,501,602
3502,564,501,602
3503,564,501,602
3504,564,501,602
3505,564,501,602
3506,564,501,602
3507,564,501,602
3508,564,501,602
3509,564,501,602
3510,564,501,602
3511,564,501,602
3512,564,501,602
3513,564,501,602
3514,564,501,602
3515,564,501,602
3516,564,501,602
3517,564,501,602
3518,564,501,602
3519,564,501,602
3520,564,501,602
3521,564,501,602
3522,564,501,602
3523,564,501,602
3524,564,501,602
3525,564,501,602
3526,564,501,602
3527,564,501,602
3528,564,501,602
3529,564,501,602
3530,564,501,602
3531,564,501,602
3532,564,501,602
3533,564,501,602
3534,564,501,602
3535,564,501,602
3536,564,501,602
3537,564,501,602
3538,564,501,602
3539,564,501,602
3540,564,501,602
3541,564,501,602
3542,564,501,602
3543,564,501,602
3544,564,501,602
3545,564,501,602
3546,564,501,602
3547,564,501,602
3548,564,501,602
3549,564,501,602
3550,564,501,602
3551,564,501,602
3552,564,501,602
3553,564,501,602
3554,564,501,602
3555,564,501,602
3556,564,501,602
3557,564,501,602
3558,564,501,602
3559,564,501,602
3560,564,501,602
3561,564,501,602
3562,564,501,602
3563,564,501,602
3564,564,501,602
3565,564,501,602
3566,564,501,602
3567,564,501,602
3568,564,501,602
3569,564,501,602
3570,564,501,602
3571,564,501,602
3572,564,501,602
3573,564,501,602
3574,564,501,602
3575,564,501,602
3576,564,501,602
3577,564,501,602
3578,564,501,602
3579,564,501,602
3580,564,501,602
3581,564,501,602
3582,564,501,602
3583,564,501,602
3584,564,501,602
3585,564,501,602
3586,564,501,602
3587,564,501,602
3588,564,501,602
3589,564,501,602
3590,564,501,602
3591,564,501,602
3592,564,501,602
3593,564,501,602
3594,564,501,602
3595,564,501,602
3596,564,501,602
3597,564,501,602
3598,564,501,602
3599,564,501,602
3600,564,501,602
3601,564,501,602
3602,564,501,602
3603,564,501,602
3604,564,501,602
3605,564,501,602
3606,564,501,602
3607,564,501,602
3608,564,501,602
3609,564,501,602
3610,564,501,602
3611,564,501,602
3612,564,501,602
3613,564,501,602
3614,564,501,602
3615,564,501,602
3616,564,501,602
3617,564,501,602
3618,564,501,602
3619,564,501,602
3620,564,501,602
3621,564,501,602
3622,564,501,602
3623,564,501,602
3624,564,501,602
3625,564,501,602
3626,564,501,602
3627,564,501,602
3628,564,501,602
3629,564,501,602
3630,564,501,602
3631,564,501,602
3632,564,501,602
3633,564,501,602
3634,564,501,602
3635,564,501,602
3636,564,501,602
3637,564,501,602
3638,564,501,602
3639,564,501,602
3640,564,501,602
3641,564,501,602
3642,564,501,602
3643,564,501,602
3644,564,501,602
3645,564,501,602
3646,564,501,602
3647,564,501,602
3648,564,501,602
3649,564,501,602
3650,564,501,602
3651,564,501,602
3652,564,501,602
3653,564,501,602
3654,564,501,602
3655,564,501,602
3656,564,501,602
3657,564,501,602
3658,564,501,602
3659,564,501,602
3660,564,501,602
3661,564,501,602
3662,564,501,602
3663,564,501,602
3664,564,501,602
3665,564,501,602
3666,564,501,602
3667,564,501,602
3668,564,501,602
3669,564,501,602
3670,564,501,602
3671,564,501,602
3672,564,501,602
3673,564,501,602
3674,564,501,602
3675,564,501,602
3676,564,501,602
3677,564,501,602
3678,564,501,602
3679,564,501,602
3680,564,501,602
3681,564,501,602
3682,564,501,602
3683,564,501,602
3684,564,501,602
3685,564,501,602
3686,564,501,602
3687,564,501,602
3688,564,501,602
3689,564,501,602
3690,564,501,602
3691,564,501,602
3692,564,501,602
3693,564,501,602
3694,564,501,602
3695,564,501,602
3696,564,501,602
3697,564,501,602
3698,564,501,602
3699,564,501,602
3700,564,501,602
3701,564,501,602
3702,564,501,602
3703,564,501,602
3704,564,501,602
3705,564,501,602
3706,564,501,602
3707,564,501,602
3708,564,501,602
3709,564,501,602
3710,564,501,602
3711,564,501,602
3712,564,501,602
3713,564,501,602
3714,564,501,602
3715,564,501,602
3716,564,501,602
3717,564,501,602
3718,564,501,602
3719,564,501,602
3720,564,501,602
3721,564,501,602
3722,564,501,602
3723,564,501,602
3724,564,501,602
3725,564,501,602
3726,564,501,602
3727,564,501,602
3728,564,501,602
3729,564,501,602
3730,564,501,602
3731,564,501,602
3732,564,501,602
3733,564,501,602
3734,564,501,602
3735,564,501,602
3736,564,501,602
3737,564,501,602
3738,564,501,602
3739,564,501,602
3740,564,501,602
3741,564,501,602
3742,564,501,602
3743,564,501,602
3744,564,501,602
3745,564,501,602
3746,564,501,602
3747,564,501,602
3748,564,501,602
3749,564,501,602
3750,564,501,602
3751,564,501,602
3752,564,501,602
3753,564,501,602
3754,564,501,602
3755,564,501,602
3756,564,501,602
3757,564,501,602
3758,564,501,602
3759,564,501,602
3760,564,501,602
3761,564,501,602
3762,564,501,602
3763,564,501,602
3764,564,501,602
3765,564,501,602
3766,564,501,602
3767,564,501,602
3768,564,501,602
3769,564,501,602
3770,564,501,602
3771,564,501,602
3772,564,501,602
3773,564,501,602
3774,564,501,602
3775,564,501,602
3776,564,501,602
3777,564,501,602
3778,564,501,602
3779,564,501,602
3780,564,501,602
3781,564,501,602
3782,564,501,602
3783,564,501,602
3784,564,501,602
3785,564,501,602
3786,564,501,602
3787,564,501,602
3788,564,501,602
3789,564,501,602
3790,564,501,602
3791,564,501,602
3792,564,501,602
3793,564,501,602
3794,564,501,602
3795,564,501,602
3796,564,501,602
3797,564,501,602
3798,564,501,602
3799,564,501,602
3800,564,501,602
3801,564,501,602
3802,564,501,602
3803,564,501,602
3804,564,501,602
3805,564,501,602
3806,564,501,602
3807,564,501,602
3808,564,501,602
3809,564,501,602
3810,564,501,602
3811,564,501,602
3812,564,501,602
3813,564,501,602
3814,564,501,602
3815,564,501,602
3816,564,501,602
3817,564,501,602
3818,564,501,602
3819,564,501,602
3820,564,501,602
3821,564,501,602
3822,564,501,602
3823,564,501,602
3824,564,501,602
3825,564,501,602
3826,564,501,602
3827,564,501,602
3828,564,501,602
3829,564,501,602
3830,564,501,602
3831,564,501,602
3832,564,501,602
3833,564,501,602
3834,564,501,602
3835,564,501,602
3836,564,501,602
3837,564,501,602
3838,564,501,602
3839,564,501,602
3840,564,501,602
3841,564,501,602
3842,564,501,602
3843,564,501,602
3844,564,501,602
3845,564,501,602
3846,564,501,602
3847,564,501,602
3848,564,501,602
3849,564,501,602
3850,564,501,602
3851,564,501,602
3852,564,501,602
3853,564,501,602
3854,564,501,602
3855,564,501,602
3856,564,501,602
3857,564,501,602
3858,564,501,602
3859,564,501,602
3860,564,501,602
3861,564,501,602
3862,564,501,602
3863,564,501,602
3864,564,501,602
3865,564,501,602
3866,564,501,602
3867,564,501,602
3868,564,501,602
3869,564,501,602
3870,564,501,602
3871,564,501,602
3872,564,501,602
3873,564,501,602
3874,564,501,602
3875,564,501,602
3876,564,501,602
3877,564,501,602
3878,564,501,602
3879,564,501,602
3880,564,501,602
3881,564,501,602
3882,564,501,602
3883,564,501,602
3884,564,501,602
3885,564,501,602
3886,564,501,602
3887,564,501,602
3888,564,501,602
3889,564,501,602
3890,564,501,602
3891,564,501,602
3892,564,501,602
3893,564,501,602
3894,564,501,602
3895,564,501,602
3896,564,501,602
3897,564,501,602
3898,564,501,602
3899,564,501,602
3900,564,501,602
3901,564,501,602
3902,564,501,602
3903,564,501,602
3904,564,501,602
3905,564,501,602
3906,564,501,602
3907,564,501,602
3908,564,501,602
3909,564,501,602
3910,564,501,602
3911,564,501,602
3912,564,501,602
3913,564,501,602
3914,564,501,602
3915,564,501,602
3916,564,501,602
3917,564,501,602
3918,564,501,602
3919,564,501,602
3920,564,501,602
3921,564,501,602
3922,564,501,602
3923,564,501,602
3924,564,501,602
3925,564,501,602
3926,564,501,602
3927,564,501,602
3928,564,501,602
3929,564,501,602
3930,564,501,602
3931,564,501,602
3932,564,501,602
3933,564,501,602
3934,564,501,602
3935,564,501,602
3936,564,501,602
3937,564,501,602
3938,564,501,602
3939,564,501,602
3940,564,501,602
3941,564,501,602
3942,564,501,602
3943,564,501,602
3944,564,501,602
3945,564,501,602
3946,564,501,602
3947,564,501,602
3948,564,501,602
3949,564,501,602
3950,564,501,602
3951,564,501,602
3952,564,501,602
3953,564,501,602
3954,564,501,602
3955,564,501,602
3956,564,501,602
3957,564,501,602
3958,564,501,602
3959,564,501,602
3960,564,501,602
3961,564,501,602
3962,564,501,602
3963,564,501,602
3964,564,501,602
3965,564,501,602
3966,564,501,602
3967,564,501,602
3968,564,501,602
3969,564,501,602
3970,564,501,602
3971,564,501,602
3972,564,501,602
3973,564,501,602
3974,564,501,602
3975,564,501,602
3976,564,501,602
3977,564,501,602
3978,564,501,602
3979,564,501,602
3980,564,501,602
3981,564,501,602
3982,571,501,602
3983,571,501,602
3984,571,501,602
3985,571,501,602
3986,571,501,602
3987,571,501,602
3988,571,501,602
3989,571,501,602
3990,571,501,602
3991,571,501,602
3992,571,501,602
3993,571,501,602
3994,571,501,602
3995,571,501,602
3996,571,501,602
3997,571,501,602
3998,571,501,602
3999,571,501,602
4000,571,501,602
4001,571,501,602
4002,571,501,602
4003,571,501,602
4004,571,501,602
4005,571,501,602
4006,571,501,602
4007,571,501,602
4008,571,501,602
4009,571,501,602
4010,571,501,602
4011,571,501,602
4012,571,501,602
4013,571,501,602
4014,571,501,602
4015,571,501,602
4016,571,501,602
4017,571,501,602
4018,571,501,602
4019,571,501,602
4020,571,501,602
4021,571,501,602
4022,571,501,602
4023,571,501,602
4024,571,501,602
4025,571,501,602
4026,571,501,602
4027,571,501,602
4028,571,501,602
4029,571,501,602
4030,571,501,602
4031,571,501,602
4032,571,501,602
4033,571,501,602
4034,571,501,602
4035,571,501,602
4036,571,501,602
4037,571,501,602
4038,571,501,602
4039,571,501,602
4040,571,501,602
4041,571,501,602
4042,571,501,602
4043,571,501,602
4044,571,501,602
4045,571,501,602
4046,571,501,602
4047,571,501,602
4048,571,501,602
4049,571,501,602
4050,571,501,602
4051,571,501,602
4052,571,501,602
4053,571,501,602
4054,571,501,602
4055,571,501,602
4056,571,501,602
4057,571,501,602
4058,571,501,602
4059,571,501,602
4060,571,501,602
4061,571,501,602
4062,571,501,602
4063,571,501,602
4064,571,501,602
4065,571,501,602
4066,571,501,602
4067,571,501,602
4068,571,501,602
4069,571,501,602
4070,571,501,602
4071,571,501,602
4072,571,501,602
4073,571,501,602
4074,571,501,602
4075,571,501,602
4076,571,501,602
4077,571,501,602
4078,571,501,602
4079,571,501,602
4080,571,501,602
4081,571,501,602
4082,571,501,602
4083,571,501,602
4084,571,501,602
4085,571,501,602
4086,571,501,602
4087,571,501,614
4088,571,501,614
4089,571,501,614
4090,571,501,614
4091,571,501,614
4092,571,501,614
4093,571,501,614
4094,571,501,614
4095,571,501,614
4096,571,501,614
4097,571,501,614
4098,571,501,614
4099,571,501,614
4100,571,501,614
4101,571,501,614
4102,571,501,614
4103,571,501,614
4104,571,501,614
4105,571,501,614
4106,571,501,614
4107,571,501,614
4108,571,501,614
4109,571,501,614
4110,571,501,614
4111,571,501,614
4112,571,501,614
4113,571,501,614
4114,571,501,614
4115,571,501,614
4116,571,501,614
4117,571,501,614
4118,571,501,614
4119,571,501,614
4120,571,501,614
4121,571,501,614
4122,571,501,614
4123,571,501,614
4124,571,501,614
4125,571,501,614
4126,571,501,614
4127,571,501,614
4128,571,501,614
4129,571,501,614
4130,571,501,614
4131,571,501,614
4132,571,501,614
4133,571,501,614
4134,571,501,614
4135,571,501,614
4136,571,501,614
4137,571,501,614
4138,571,501,614
4139,571,501,614
4140,571,501,614
4141,571,501,614
4142,571,501,614
4143,571,501,614
4144,571,501,614
4145,571,501,614
4146,571,501,614
4147,571,501,614
4148,571,501,614
4149,571,501,614
4150,571,501,614
4151,571,501,614
4152,571,501,614
4153,571,501,614
4154,571,501,614
4155,571,501,614
4156,571,501,614
4157,571,501,614
4158,571,501,614
4159,571,501,614
4160,571,501,614
4161,571,501,614
4162,571,501,614
4163,571,501,614
4164,571,501,614
4165,571,501,614
4166,571,501,614
4167,571,501,614
4168,571,501,614
4169,571,501,614
4170,571,501,614
4171,571,501,614
4172,571,501,614
4173,571,501,614
4174,571,501,614
4175,571,501,614
4176,571,501,614
4177,571,501,614
4178,571,501,614
4179,571,501,614
4180,571,501,614
4181,571,501,614
4182,571,501,614
4183,571,501,614
4184,571,501,614
4185,571,501,614
4186,571,501,614
4187,571,501,614
4188,571,501,614
4189,571,501,614
4190,571,501,614
4191,571,501,614
4192,571,501,614
4193,571,501,614
4194,571,501,614
4195,571,501,614
4196,571,501,614
4197,571,501,614
4198,571,501,614
4199,571,501,614
4200,571,501,614
4201,571,501,614
4202,571,501,614
4203,571,501,614
4204,571,501,614
4205,571,501,614
4206,571,501,614
4207,571,501,614
4208,571,501,614
4209,571,501,614
4210,571,501,614
4211,571,501,614
4212,571,501,614
4213,571,501,614
4214,571,501,614
4215,571,501,614
4216,571,501,614
4217,571,501,614
4218,571,501,614
4219,571,501,614
4220,571,501,614
4221,571,501,614
4222,571,501,614
4223,571,501,614
4224,571,501,614
4225,571,501,614
4226,571,501,614
4227,571,501,614
4228,571,501,614
4229,571,501,614
4230,571,501,614
4231,571,501,614
4232,571,501,614
4233,571,501,614
4234,571,501,614
4235,571,501,614
4236,571,501,614
4237,571,501,614
4238,571,501,614
4239,571,501,614
4240,571,501,614
4241,571,501,614
4242,571,501,614
4243,571,501,614
4244,571,501,614
4245,571,501,614
4246,571,501,614
4247,571,501,614
4248,571,501,614
4249,571,501,614
4250,571,501,614
4251,571,501,614
4252,571,501,614
4253,571,501,614
4254,571,501,614
4255,571,501,614
4256,571,501,614
4257,571,501,614
4258,571,501,614
4259,571,501,614
4260,571,501,614
4261,571,501,614
4262,571,501,614
4263,571,501,614
4264,571,501,614
4265,571,501,614
4266,571,501,614
4267,571,501,614
4268,571,501,614
4269,571,501,614
4270,571,501,614
4271,571,501,614
4272,571,501,614
4273,571,501,614
4274,571,501,614
4275,571,501,614
4276,571,501,614
4277,571,501,614
4278,571,501,614
4279,571,501,614
4280,571,501,614
4281,571,501,614
4282,571,501,614
4283,571,501,614
4284,571,501,614
4285,571,501,614
4286,571,501,614
4287,571,501,614
4288,571,501,614
4289,571,501,614
4290,571,501,614
4291,571,501,614
4292,571,501,614
4293,571,501,614
4294,571,501,614
4295,571,501,614
4296,571,501,614
4297,571,501,614
4298,571,501,614
4299,571,501,614
4300,571,501,614
4301,571,501,614
4302,571,501,614
4303,571,501,614
4304,571,501,614
4305,571,501,614
4306,571,501,614
4307,571,501,614
4308,571,501,614
4309,571,501,614
4310,571,501,614
4311,571,501,614
4312,571,501,614
4313,571,501,614
4314,571,501,614
4315,571,501,614
4316,571,501,614
4317,571,501,614
4318,571,501,614
4319,571,501,614
4320,571,501,614
4321,571,501,614
4322,571,501,614
4323,571,501,614
4324,571,501,614
4325,571,501,614
4326,571,501,614
4327,571,501,614
4328,571,501,614
4329,571,501,614
4330,571,501,614
4331,571,501,614
4332,571,501,614
4333,571,501,614
4334,571,501,614
4335,571,501,614
4336,571,501,614
4337,571,501,614
4338,571,501,614
4339,571,501,614
4340,571,501,614
4341,571,501,614
4342,571,501,614
4343,571,501,614
4344,571,501,614
4345,571,501,614
4346,571,501,614
4347,571,501,614
4348,571,501,614
4349,571,501,614
4350,571,501,614
4351,571,501,614
4352,571,501,614
4353,571,501,614
4354,571,501,614
4355,571,501,614
4356,571,501,614
4357,571,501,614
4358,571,501,614
4359,571,501,614
4360,571,501,614
4361,571,501,614
4362,571,501,614
4363,571,501,614
4364,571,501,614
4365,571,501,631
4366,571,501,631
4367,571,501,631
4368,571,501,631
4369,571,501,631
4370,571,501,631
4371,571,501,631
4372,571,501,631
4373,571,501,631
4374,571,501,631
4375,571,501,631
4376,571,501,631
4377,571,501,631
4378,571,501,631
4379,571,501,631
4380,571,501,631
4381,571,501,631
4382,571,501,631
4383,571,501,631
4384,571,501,631
4385,571,501,631
4386,571,501,631
4387,571,501,631
4388,571,501,631
4389,571,501,631
4390,571,501,631
4391,571,501,631
4392,571,501,631
4393,571,501,631
4394,571,501,631
4395,571,501,631
4396,571,501,631
4397,571,501,631
4398,571,501,631
4399,571,501,631
4400,571,501,631
4401,571,501,631
4402,571,501,631
4403,571,501,631
4404,571,501,631
4405,571,501,631
4406,571,501,631
4407,571,501,631
4408,571,501,631
4409,571,501,631
4410,571,501,631
4411,571,501,631
4412,571,501,631
4413,571,501,631
4414,571,501,631
4415,571,501,631
4416,571,501,631
4417,571,501,631
4418,571,505,631
4419,571,505,631
4420,571,505,631
4421,571,505,631
4422,571,505,631
4423,571,505,631
4424,571,505,631
4425,571,505,631
4426,571,505,631
4427,571,505,631
4428,571,505,631
4429,571,505,631
4430,571,505,631
4431,571,505,631
4432,571,505,631
4433,571,505,631
4434,571,505,631
4435,571,505,631
4436,571,505,631
4437,571,505,631
4438,571,505,631
4439,571,505,631
4440,571,505,631
4441,571,505,631
4442,571,505,631
4443,571,505,631
4444,571,505,631
4445,571,505,631
4446,571,505,631
4447,571,505,631
4448,571,505,631
4449,577,505,631
4450,577,505,631
4451,577,505,631
4452,577,505,631
4453,577,505,631
4454,577,505,631
4455,577,505,631
4456,577,505,631
4457,577,505,631
4458,577,505,631
4459,577,505,631
4460,577,505,631
4461,577,505,631
4462,577,505,631
4463,577,505,631
4464,577,505,631
4465,577,505,631
4466,577,505,631
4467,577,505,631
4468,577,505,631
4469,577,505,631
4470,577,505,631
4471,577,505,631
4472,577,505,631
4473,577,505,631
4474,577,505,631
4475,577,505,631
4476,577,505,631
4477,577,505,631
4478,577,505,631
4479,577,505,631
4480,577,505,631
4481,577,505,631
4482,577,505,631
4483,577,505,631
4484,577,505,631
4485,577,505,631
4486,577,505,631
4487,577,505,631
4488,577,505,631
4489,577,505,631
4490,577,505,631
4491,577,505,631
4492,577,505,631
4493,577,505,631
4494,577,505,631
4495,577,505,631
4496,577,505,631
4497,577,505,631
4498,577,505,631
4499,577,505,631
4500,577,505,631
4501,577,505,631
4502,577,505,631
4503,577,505,631
4504,577,505,631
4505,577,505,631
4506,577,505,631
4507,577,505,631
4508,577,505,631
4509,577,505,631
4510,577,505,631
4511,577,505,631
4512,577,505,631
4513,577,505,631
4514,577,505,631
4515,577,505,631
4516,577,505,631
4517,577,505,631
4518,577,505,631
4519,577,505,631
4520,577,505,631
4521,577,505,631
4522,577,505,631
4523,577,505,631
4524,577,505,631
4525,577,505,631
4526,577,505,631
4527,577,505,631
4528,577,505,631
4529,577,505,631
4530,577,505,631
4531,577,505,631
4532,577,505,631
4533,598,505,631
4534,598,505,631
4535,598,505,631
4536,598,505,631
4537,598,505,631
4538,598,505,631
4539,598,505,631
4540,598,505,631
4541,598,505,631
4542,598,505,631
4543,598,505,631
4544,598,505,631
4545,598,505,631
4546,598,505,631
4547,598,505,631
4548,598,505,631
4549,598,505,631
4550,598,505,631
4551,598,505,631
4552,598,505,631
4553,598,505,631
4554,598,505,631
4555,598,505,631
4556,598,505,631
4557,598,505,631
4558,598,505,631
4559,598,505,631
4560,598,505,631
4561,598,505,631
4562,598,505,631
4563,598,505,631
4564,598,505,631
4565,598,505,631
4566,598,505,631
4567,598,505,631
4568,598,505,631
4569,598,505,631
4570,598,505,631
4571,598,505,631
4572,598,505,631
4573,598,505,631
4574,598,505,631
4575,598,505,631
4576,598,505,631
4577,598,505,631
4578,598,505,631
4579,598,505,631
4580,598,505,631
4581,598,505,631
4582,598,505,631
4583,598,505,631
4584,598,505,631
4585,598,505,631
4586,598,505,631
4587,598,505,631
4588,598,505,631
4589,598,505,631
4590,598,505,631
4591,598,505,631
4592,598,505,631
4593,598,505,631
4594,598,505,631
4595,598,505,631
4596,598,505,631
4597,598,505,631
4598,598,505,631
4599,598,505,631
4600,598,505,631
4601,598,505,631
4602,598,505,631
4603,598,505,631
4604,598,505,631
4605,598,505,631
4606,598,505,631
4607,598,505,631
4608,598,505,631
4609,598,505,631
4610,598,505,631
4611,598,505,631
4612,598,505,631
4613,598,505,631
4614,598,505,631
4615,598,505,631
4616,598,505,631
4617,598,505,631
4618,598,505,631
4619,598,505,631
4620,598,505,631
4621,598,505,631
4622,598,505,631
4623,598,505,631
4624,598,505,631
4625,598,505,631
4626,598,505,631
4627,598,505,631
4628,598,505,631
4629,598,505,631
4630,598,505,631
4631,598,505,631
4632,598,505,631
4633,598,505,631
4634,598,505,631
4635,598,505,631
4636,598,505,631
4637,598,505,631
4638,598,505,631
4639,598,505,631
4640,598,505,631
4641,598,505,631
4642,598,505,631
4643,598,505,631
4644,598,505,631
4645,598,505,631
4646,598,505,631
4647,598,505,631
4648,598,505,631
4649,598,505,631
4650,598,505,631
4651,598,505,631
4652,598,505,631
4653,598,505,631
4654,598,505,631
4655,598,505,631
4656,598,505,631
4657,598,505,631
4658,598,505,631
4659,598,505,631
4660,598,505,631
4661,598,505,631
4662,598,505,631
4663,598,505,631
4664,598,505,631
4665,598,505,631
4666,598,505,631
4667,598,505,631
4668,598,505,631
4669,598,505,631
4670,598,505,631
4671,598,505,631
4672,598,505,631
4673,598,505,631
4674,598,505,631
4675,598,505,631
4676,598,505,631
4677,598,505,631
4678,598,505,631
4679,598,505,631
4680,598,505,631
4681,598,505,631
4682,598,505,631
4683,598,505,631
4684,598,505,631
4685,598,505,631
4686,598,505,631
4687,598,505,631
4688,598,505,631
4689,598,505,631
4690,598,505,631
4691,598,505,631
4692,598,505,631
4693,598,505,631
4694,598,505,631
4695,598,505,631
4696,598,505,631
4697,598,505,631
4698,598,505,631
4699,598,505,631
4700,598,505,631
4701,598,505,631
4702,598,505,631
4703,598,505,631
4704,598,505,631
4705,598,505,631
4706,598,505,631
4707,598,505,631
4708,598,505,631
4709,598,505,631
4710,598,505,631
4711,598,505,631
4712,598,505,631
4713,598,505,631
4714,598,505,631
4715,598,505,631
4716,598,505,631
4717,598,505,631
4718,598,505,631
4719,598,505,631
4720,598,505,631
4721,598,505,631
4722,598,505,631
4723,598,505,631
4724,598,505,631
4725,598,505,631
4726,598,505,631
4727,598,505,631
4728,598,505,631
4729,598,505,631
4730,598,505,631
4731,598,505,631
4732,598,505,631
4733,598,505,631
4734,598,505,631
4735,598,505,631
4736,598,505,631
4737,598,505,631
4738,598,505,631
4739,598,505,631
4740,598,505,631
4741,598,505,631
4742,598,505,631
4743,598,505,631
4744,598,505,631
4745,598,505,631
4746,598,505,631
4747,598,505,631
4748,598,505,631
4749,598,505,631
4750,598,505,631
4751,598,505,631
4752,598,505,631
4753,598,505,631
4754,598,505,631
4755,598,505,631
4756,598,505,631
4757,598,505,631
4758,598,505,631
4759,598,505,631
4760,598,505,631
4761,598,505,631
4762,598,505,631
4763,598,505,631
4764,598,505,631
4765,598,505,631
4766,598,505,631
4767,598,505,631
4768,598,505,631
4769,598,505,631
4770,598,505,631
4771,598,505,631
4772,598,505,631
4773,598,505,631
4774,598,505,631
4775,598,505,631
4776,598,505,631
4777,598,505,631
4778,598,505,631
4779,598,505,631
4780,598,505,631
4781,598,505,631
4782,598,505,631
4783,598,505,631
4784,598,505,631
4785,598,505,631
4786,598,505,631
4787,598,505,631
4788,598,505,631
4789,598,505,631
4790,598,505,631
4791,598,505,631
4792,598,505,631
4793,598,505,631
4794,598,505,631
4795,598,505,631
4796,598,505,631
4797,598,505,631
4798,598,505,631
4799,598,505,631
4800,598,505,631
4801,598,505,631
4802,598,505,631
4803,598,505,631
4804,598,505,631
4805,598,505,631
4806,598,505,631
4807,598,505,631
4808,598,505,631
4809,598,505,631
4810,598,505,631
4811,598,505,631
4812,598,505,631
4813,598,505,631
4814,598,505,631
4815,598,505,631
4816,598,505,631
4817,598,505,631
4818,598,505,631
4819,598,505,631
4820,598,505,631
4821,598,505,631
4822,598,505,631
4823,598,505,631
4824,598,505,631
4825,598,505,631
4826,598,505,631
4827,598,505,631
4828,598,505,631
4829,598,505,631
4830,598,505,631
4831,598,505,631
4832,598,505,631
4833,598,505,631
4834,598,505,631
4835,598,505,631
4836,598,505,631
4837,598,505,631
4838,598,505,631
4839,598,505,631
4840,598,505,631
4841,598,505,631
4842,598,505,631
4843,598,505,631
4844,598,505,631
4845,598,505,631
4846,598,505,631
4847,598,505,631
4848,598,505,631
4849,598,505,631
4850,598,505,631
4851,598,505,631
4852,598,505,631
4853,598,505,631
4854,598,505,631
4855,598,505,631
4856,598,505,631
4857,598,505,631
4858,598,505,631
4859,598,505,631
4860,598,505,631
4861,598,505,631
4862,598,505,631
4863,598,505,631
4864,598,505,631
4865,598,505,631
4866,598,505,631
4867,598,505,631
4868,598,505,631
4869,598,505,631
4870,598,505,631
4871,598,505,631
4872,598,505,631
4873,598,505,631
4874,598,505,631
4875,598,505,631
4876,598,505,631
4877,598,505,631
4878,598,505,631
4879,598,505,631
4880,598,505,631
4881,598,505,631
4882,598,505,631
4883,598,505,631
4884,598,505,631
4885,598,505,631
4886,598,505,631
4887,598,505,631
4888,598,505,631
4889,598,505,631
4890,598,505,631
4891,598,505,631
4892,598,505,631
4893,598,505,631
4894,598,505,631
4895,598,505,631
4896,598,505,631
4897,598,505,631
4898,598,505,631
4899,598,505,631
4900,598,505,631
4901,598,505,631
4902,598,505,631
4903,598,505,631
4904,598,505,631
4905,598,505,631
4906,598,505,631
4907,598,505,631
4908,598,505,631
4909,598,505,631
4910,598,505,631
4911,598,505,631
4912,598,505,631
4913,598,505,631
4914,598,505,631
4915,598,505,631
4916,598,505,631
4917,598,505,631
4918,598,505,631
4919,598,505,631
4920,598,505,631
4921,598,505,631
4922,598,505,631
4923,598,505,631
4924,598,505,631
4925,598,505,631
4926,598,505,631
4927,598,505,631
4928,598,505,631
4929,598,505,631
4930,598,505,631
4931,598,505,631
4932,598,505,631
4933,598,505,631
4934,598,505,631
4935,598,505,631
4936,598,505,631
4937,598,505,631
4938,598,505,631
4939,598,505,631
4940,598,505,631
4941,598,505,631
4942,598,505,631
4943,598,505,631
4944,598,505,631
4945,598,505,631
4946,598,505,631
4947,598,505,631
4948,598,505,631
4949,598,505,631
4950,598,505,631
4951,598,505,631
4952,598,505,631
4953,598,505,631
4954,598,505,631
4955,598,505,631
4956,598,505,631
4957,598,505,631
4958,598,505,631
4959,598,505,631
4960,598,505,631
4961,598,505,631
4962,598,505,631
4963,598,505,631
4964,598,505,631
4965,598,505,631
4966,598,505,631
4967,598,505,631
4968,598,505,631
4969,598,505,631
4970,598,505,631
4971,598,505,631
4972,598,505,631
4973,598,505,631
4974,598,505,631
4975,598,505,631
4976,598,505,631
4977,598,505,631
4978,598,505,631
4979,598,505,631
4980,598,505,631
4981,598,505,631
4982,598,505,631
4983,598,505,631
4984,598,505,631
4985,598,505,631
4986,598,505,631
4987,598,505,631
4988,598,505,631
4989,598,505,631
4990,598,505,631
4991,598,505,631
4992,598,505,631
4993,598,505,631
4994,598,505,631
4995,598,505,631
4996,598,505,631
4997,598,505,631
4998,598,505,631
4999,598,505,631
5000,598,505,631
5001,598,505,631
5002,598,505,631
5003,598,505,631
5004,598,505,631
5005,598,505,631
5006,598,505,631
5007,598,505,631
5008,598,505,631
5009,598,505,631
5010,598,505,631
5011,598,505,631
5012,598,505,631
5013,598,505,631
5014,598,505,631
5015,598,505,631
5016,598,505,631
5017,598,505,631
5018,598,505,631
5019,598,505,631
5020,598,505,631
5021,598,505,631
5022,598,505,631
5023,598,505,631
5024,598,505,631
5025,598,505,631
5026,598,505,631
5027,598,505,631
5028,598,505,631
5029,598,505,631
5030,598,505,631
5031,598,505,631
5032,598,505,631
5033,598,505,631
5034,598,505,631
5035,598,505,631
5036,598,505,631
5037,598,505,631
5038,598,505,631
5039,598,505,631
5040,598,505,631
5041,598,505,631
5042,598,505,631
5043,598,505,631
5044,598,505,631
5045,598,505,631
5046,598,505,631
5047,598,505,631
5048,598,505,631
5049,598,505,631
5050,598,505,631
5051,598,505,631
5052,598,505,631
5053,598,505,631
5054,598,505,631
5055,598,505,631
5056,598,505,631
5057,598,505,631
5058,598,505,631
5059,598,505,631
5060,598,505,631
5061,598,505,631
5062,598,505,631
5063,598,505,631
5064,598,505,631
5065,598,505,631
5066,598,505,631
5067,598,505,631
5068,598,505,631
5069,598,505,631
5070,598,505,631
5071,598,505,631
5072,598,505,631
5073,598,505,631
5074,598,505,631
5075,598,505,631
5076,598,505,631
5077,598,505,631
5078,598,505,631
5079,598,505,631
5080,598,505,631
5081,598,505,631
5082,598,505,631
5083,598,505,631
5084,598,505,631
5085,598,505,631
5086,598,505,631
5087,598,505,631
5088,598,505,631
5089,598,505,631
5090,598,505,631
5091,598,505,631
5092,598,505,635
5093,598,505,635
5094,598,505,635
5095,598,505,635
5096,598,505,635
5097,598,505,635
5098,598,505,635
5099,598,505,635
5100,598,505,635
5101,598,505,635
5102,598,505,635
5103,598,505,635
5104,598,505,635
5105,598,505,635
5106,598,505,635
5107,598,505,635
5108,598,505,635
5109,598,505,635
5110,598,505,635
5111,598,505,635
5112,598,505,635
5113,598,505,635
5114,598,505,635
5115,598,505,635
5116,598,505,635
5117,598,505,635
5118,598,505,635
5119,598,505,635
5120,598,505,635
5121,598,505,635
5122,598,505,635
5123,598,505,635
5124,598,505,635
5125,598,505,635
5126,598,505,635
5127,598,505,635
5128,598,505,635
5129,598,505,635
5130,598,505,635
5131,598,505,635
5132,598,505,635
5133,598,505,635
5134,598,505,635
5135,598,505,635
5136,598,505,635
5137,598,505,635
5138,598,505,635
5139,598,505,635
5140,598,505,635
5141,598,505,635
5142,598,505,635
5143,598,505,635
5144,598,505,635
5145,598,505,635
5146,598,505,635
5147,598,505,635
5148,598,505,635
5149,598,505,635
5150,598,505,635
5151,598,505,635
5152,598,505,635
5153,598,505,635
5154,598,505,635
5155,598,505,635
5156,598,505,635
5157,598,505,635
5158,598,505,635
5159,598,505,635
5160,598,505,635
5161,598,505,635
5162,598,505,635
5163,598,505,635
5164,598,505,635
5165,598,505,635
5166,598,505,635
5167,598,505,635
5168,598,505,635
5169,598,505,635
5170,598,505,635
5171,598,505,635
5172,598,505,635
5173,598,505,635
5174,598,505,635
5175,598,505,635
5176,598,505,638
5177,598,505,638
5178,598,505,638
5179,598,505,638
5180,598,505,638
5181,598,505,638
5182,598,505,638
5183,598,505,638
5184,598,505,638
5185,598,505,638
5186,598,505,638
5187,598,505,638
5188,598,505,638
5189,598,505,638
5190,598,505,638
5191,598,505,638
5192,598,505,638
5193,598,505,638
5194,598,505,638
5195,598,505,638
5196,598,505,638
5197,598,505,638
5198,598,505,638
5199,598,505,638
5200,598,505,638
5201,598,505,638
5202,598,505,638
5203,598,505,638
5204,598,505,638
5205,598,505,638
5206,598,505,638
5207,598,505,638
5208,598,505,638
5209,598,505,638
5210,598,505,638
5211,598,505,638
5212,598,505,638
5213,598,505,638
5214,598,505,638
5215,598,505,638
5216,598,505,638
5217,598,505,638
5218,598,505,638
5219,598,505,638
5220,598,505,638
5221,598,505,638
5222,598,505,638
5223,598,505,638
5224,598,505,638
5225,598,505,638
5226,598,505,638
5227,598,505,638
5228,598,505,638
5229,598,505,638
5230,598,505,638
5231,598,505,638
5232,598,505,638
5233,598,505,638
5234,598,505,638
5235,598,505,638
5236,598,505,638
5237,598,505,638
5238,598,505,638
5239,598,505,638
5240,598,505,638
5241,598,505,638
5242,598,505,638
5243,598,505,638
5244,598,505,638
5245,598,505,638
5246,598,505,638
5247,598,505,638
5248,598,505,638
5249,598,505,638
5250,598,505,638
5251,598,505,638
5252,598,505,638
5253,598,505,638
5254,598,505,638
5255,598,505,638
5256,598,505,638
5257,598,505,638
5258,598,505,638
5259,598,505,638
5260,598,505,638
5261,598,505,638
5262,598,505,638
5263,598,505,638
5264,598,505,638
5265,598,505,638
5266,598,505,638
5267,598,505,638
5268,598,505,638
5269,598,505,638
5270,598,505,638
5271,598,505,638
5272,598,505,638
5273,598,505,638
5274,598,505,638
5275,598,505,638
5276,598,505,638
5277,598,505,638
5278,598,505,638
5279,598,505,638
5280,598,505,638
5281,598,505,638
5282,598,505,638
5283,598,505,638
5284,598,505,638
5285,598,505,638
5286,598,505,638
5287,598,505,638
5288,598,505,638
5289,598,505,638
5290,598,505,638
5291,598,505,638
5292,598,505,638
5293,598,505,638
5294,598,505,638
5295,598,505,638
5296,598,505,638
5297,598,505,638
5298,598,505,638
5299,598,505,638
5300,598,505,638
5301,598,505,638
5302,598,505,638
5303,598,505,638
5304,598,505,638
5305,598,505,638
5306,598,505,638
5307,598,505,638
5308,598,505,638
5309,598,505,638
5310,598,505,638
5311,598,505,638
5312,598,505,638
5313,598,505,638
5314,598,505,638
5315,598,505,638
5316,598,505,638
5317,598,505,638
5318,598,505,638
5319,598,505,638
5320,598,505,638
5321,598,505,638
5322,598,505,638
5323,598,505,638
5324,598,505,638
5325,598,505,638
5326,598,505,638
5327,598,505,638
5328,598,505,638
5329,598,505,638
5330,598,505,638
5331,598,505,638
5332,598,505,638
5333,598,505,638
5334,598,505,638
5335,598,505,638
5336,598,505,638
5337,598,505,638
5338,598,505,638
5339,598,505,638
5340,598,505,638
5341,598,505,638
5342,598,505,638
5343,598,505,638
5344,598,505,638
5345,598,505,638
5346,598,505,638
5347,598,505,638
5348,598,505,638
5349,598,505,638
5350,598,505,638
5351,598,505,638
5352,598,505,638
5353,598,505,638
5354,598,505,638
5355,598,505,638
5356,598,505,638
5357,598,505,638
5358,598,505,638
5359,598,505,638
5360,598,505,638
5361,598,505,638
5362,598,505,638
5363,598,505,638
5364,598,505,638
5365,598,505,638
5366,598,505,638
5367,598,505,638
5368,598,505,638
5369,598,505,638
5370,598,505,638
5371,598,505,638
5372,598,505,638
5373,598,505,638
5374,598,505,638
5375,598,505,638
5376,598,505,638
5377,598,505,638
5378,598,505,638
5379,598,505,638
5380,598,505,638
5381,598,505,638
5382,598,505,638
5383,598,505,638
5384,598,505,638
5385,598,505,638
5386,598,505,638
5387,598,505,638
5388,598,505,638
5389,598,505,638
5390,598,505,638
5391,598,505,638
5392,598,505,638
5393,598,505,638
5394,598,505,638
5395,598,505,638
5396,598,505,638
5397,598,505,638
5398,598,505,638
5399,598,505,638
5400,598,505,638
5401,598,505,638
5402,598,505,638
5403,598,505,638
5404,598,505,638
5405,598,505,638
5406,598,505,638
5407,598,505,638
5408,598,505,638
5409,598,505,638
5410,598,505,638
5411,598,505,638
5412,598,505,638
5413,598,505,638
5414,598,505,638
5415,598,505,638
5416,598,505,638
5417,598,505,638
5418,598,505,638
5419,598,505,638
5420,598,505,638
5421,598,505,638
5422,598,505,638
5423,598,505,638
5424,598,505,638
5425,598,505,638
5426,598,505,638
5427,598,505,638
5428,598,505,638
5429,598,505,638
5430,598,505,638
5431,598,505,638
5432,598,505,638
5433,598,505,638
5434,598,505,638
5435,598,505,638
5436,598,505,638
5437,598,505,638
5438,598,505,638
5439,598,505,638
5440,598,505,638
5441,598,505,638
5442,598,505,638
5443,598,505,638
5444,598,505,638
5445,598,505,638
5446,598,505,638
5447,598,505,638
5448,598,505,638
5449,598,505,638
5450,598,505,638
5451,598,505,638
5452,598,505,638
5453,598,505,638
5454,598,505,638
5455,598,505,638
5456,598,505,638
5457,598,505,638
5458,598,505,638
5459,598,505,638
5460,598,505,638
5461,598,505,638
5462,598,505,638
5463,598,505,638
5464,598,505,638
5465,598,505,638
5466,598,505,638
5467,598,505,638
5468,598,505,638
5469,598,505,638
5470,598,505,638
5471,598,505,638
5472,598,505,638
5473,598,505,638
